<ImportExportXml xmlns:xsi="http://www.w3.org/2001/XMLSchema-instance">
  <Entities></Entities>
  <Roles></Roles>
  <Workflows></Workflows>
  <FieldSecurityProfiles></FieldSecurityProfiles>
  <Templates />
  <EntityMaps />
  <EntityRelationships />
  <OrganizationSettings />
  <optionsets />
  <Dashboards>
    <Dashboard>
      <LocalizedNames>
        <LocalizedName description="Sales Analytics" languagecode="1033" />
      </LocalizedNames>
      <FormId>{f33b884e-321f-ee11-9cbd-000d3a5a9357}</FormId>
      <IsCustomizable>1</IsCustomizable>
      <IsDefault>0</IsDefault>
      <FormXml>
        <forms type="powerbi">
          <form>
            <tabs>
              <tab showlabel="false" verticallayout="true" id="{b74e2bd8-03da-443b-b5bc-e199717fae78}">
                <labels>
                  <label description="" languagecode="1033" />
                </labels>
                <columns>
                  <column width="100%">
                    <sections>
                      <section showlabel="false" showbar="false" columns="111" id="{8651dd6d-f6e1-4ee8-ad44-a2feb5f36f59}">
                        <labels>
                          <label description="" languagecode="1033" />
                        </labels>
                        <rows>
                          <row>
                            <cell colspan="3" rowspan="24" showlabel="false" id="{94e0af30-51b6-4abe-a309-27a6b9207a7b}" availableforphone="false">
                              <labels>
                                <label description="" languagecode="1033" />
                              </labels>
                              <control id="5f9be74b-a2db-42a9-af18-4bf5daab86d0" classid="{F9A8A302-114E-466A-B582-6771B2AE0D92}" uniqueid="{a3bfa54a-3ba2-438c-b88f-34fcaf8a9e5c}"></control>
                            </cell>
                          </row>
                        </rows>
                      </section>
                    </sections>
                  </column>
                </columns>
              </tab>
            </tabs>
            <controlDescriptions>
              <controlDescription forControl="{a3bfa54a-3ba2-438c-b88f-34fcaf8a9e5c}">
                <customControl formFactor="0" name="MscrmControls.PowerBIPCFControl">
                  <parameters>
                    <PowerBIReport type="PowerBI.Report" static="true">pbi_afe20527b5254960aa810d6427a59952</PowerBIReport>
                  </parameters>
                </customControl>
                <customControl formFactor="1" name="MscrmControls.PowerBIPCFControl">
                  <parameters>
                    <PowerBIReport type="PowerBI.Report" static="true">pbi_afe20527b5254960aa810d6427a59952</PowerBIReport>
                  </parameters>
                </customControl>
                <customControl formFactor="2" name="MscrmControls.PowerBIPCFControl">
                  <parameters>
                    <PowerBIReport type="PowerBI.Report" static="true">pbi_afe20527b5254960aa810d6427a59952</PowerBIReport>
                  </parameters>
                </customControl>
              </controlDescription>
            </controlDescriptions>
          </form>
        </forms>
      </FormXml>
      <IntroducedVersion>1.0.0.0</IntroducedVersion>
      <IsTabletEnabled>0</IsTabletEnabled>
    </Dashboard>
  </Dashboards>
  <CustomControls />
  <EntityDataProviders />
  <Languages>
    <Language>1033</Language>
    <Language>1043</Language>
    <Language>1036</Language>
    <Language>1031</Language>
    <Language>3082</Language>
    <Language>1053</Language>
  </Languages>
</ImportExportXml>