<powerbidataset uniquename="new_dataset_0c863448-7803-42b3-86b0-ec12678051ec">
  <datasetobjectid>445c8cf6-fbe5-4410-8f19-c4fcc6bf0740</datasetobjectid>
  <datasetoriginalobjectid>37b2d372-e354-4048-b6b5-13f5a6089163</datasetoriginalobjectid>
  <dataverseconnectionupdateenabled>0</dataverseconnectionupdateenabled>
  <importpowerbicomponentsequencenumber>638313311306717059</importpowerbicomponentsequencenumber>
  <iscustomizable>1</iscustomizable>
  <name>Dynamics 365 Sales Demo - Excel - Contoso</name>
  <package mimetype="application/zip">package.pbipkg</package>
  <statecode>0</statecode>
  <statuscode>1</statuscode>
  <workspaceobjectid>5d758c03-ed39-4d00-a311-6c5e99c7a76f</workspaceobjectid>
</powerbidataset>