<powerbireport uniquename="pbi_afe20527b5254960aa810d6427a59952">
  <datasetid>
    <uniquename>new_dataset_0c863448-7803-42b3-86b0-ec12678051ec</uniquename>
  </datasetid>
  <etag>638253252479630000</etag>
  <importpowerbicomponentsequencenumber>638247784526607771</importpowerbicomponentsequencenumber>
  <iscustomizable>1</iscustomizable>
  <name>Dynamics 365 Sales Demo - Excel - Contoso</name>
  <package mimetype="application/zip">package.pbipkg</package>
  <reportobjectid>b6d9fcda-315a-46e8-80fa-79b22d227604</reportobjectid>
  <reportoriginalobjectid>0f3bd074-e143-46f9-a0d5-8edf9283b61d</reportoriginalobjectid>
  <statecode>0</statecode>
  <statuscode>1</statuscode>
  <workspaceobjectid>fee53ff0-ad9c-47e7-ae0c-31a42863cabc</workspaceobjectid>
</powerbireport>