<powerbidataset uniquename="new_dataset_d252ad6f-0e41-42a5-9edf-2c504e03909d">
  <datasetobjectid>c9aa7c63-7e6f-4e50-88d7-4973308dd7e3</datasetobjectid>
  <datasetoriginalobjectid>fbdf4f68-b3fa-4eaa-be44-23ea77ceae6f</datasetoriginalobjectid>
  <dataverseconnectionupdateenabled>1</dataverseconnectionupdateenabled>
  <importpowerbicomponentsequencenumber>638248616752733139</importpowerbicomponentsequencenumber>
  <iscustomizable>1</iscustomizable>
  <name>Dynamics 365 Sales Demo - Excel</name>
  <package mimetype="application/zip">package.pbipkg</package>
  <statecode>0</statecode>
  <statuscode>1</statuscode>
  <workspaceobjectid>fee53ff0-ad9c-47e7-ae0c-31a42863cabc</workspaceobjectid>
</powerbidataset>