<powerbireport uniquename="pbi_a20d9be83ec34789bfc4feaf7b87c036">
  <datasetid>
    <uniquename>new_dataset_a5adac1f-830f-4c77-ac99-b599ef8cc0ac</uniquename>
  </datasetid>
  <iscustomizable>1</iscustomizable>
  <name>Dynamics 365 Sales TDS Demo - Account Detail - Coffee</name>
  <package mimetype="application/zip">package.pbipkg</package>
  <reportobjectid>3ea36d56-a0ec-4316-9ab6-9fd4cfc05dd4</reportobjectid>
  <reportoriginalobjectid>4c336aab-dcac-4862-b0be-67de1374695b</reportoriginalobjectid>
  <statecode>0</statecode>
  <statuscode>1</statuscode>
</powerbireport>