<powerbireport uniquename="pbi_32bdae675c2e448397258e6a8efba569">
  <datasetid>
    <uniquename>new_dataset_a5adac1f-830f-4c77-ac99-b599ef8cc0ac</uniquename>
  </datasetid>
  <importpowerbicomponentsequencenumber>638272145901539994</importpowerbicomponentsequencenumber>
  <iscustomizable>1</iscustomizable>
  <name>Dynamics 365 Sales TDS Demo - Coffee</name>
  <package mimetype="application/zip">package.pbipkg</package>
  <reportobjectid>8ee178ce-185b-4430-ad5e-04b5d4ed9416</reportobjectid>
  <reportoriginalobjectid>de1145bc-44f1-4325-a9af-435e280db473</reportoriginalobjectid>
  <statecode>0</statecode>
  <statuscode>1</statuscode>
  <workspaceobjectid>c7ea95d8-22db-45db-a7fa-85b7df9916fe</workspaceobjectid>
</powerbireport>