<powerbireport uniquename="pbi_32bdae675c2e448397258e6a8efba569">
  <datasetid>
    <uniquename>new_dataset_a5adac1f-830f-4c77-ac99-b599ef8cc0ac</uniquename>
  </datasetid>
  <iscustomizable>1</iscustomizable>
  <name>Dynamics 365 Sales TDS Demo - Coffee</name>
  <package mimetype="application/zip">package.pbipkg</package>
  <reportobjectid>a1617c12-cfca-4ec1-99e5-cc2147cda86f</reportobjectid>
  <reportoriginalobjectid>de1145bc-44f1-4325-a9af-435e280db473</reportoriginalobjectid>
  <statecode>0</statecode>
  <statuscode>1</statuscode>
</powerbireport>