<ImportExportXml version="9.2.23064.186" SolutionPackageVersion="9.2" languagecode="1033" generatedBy="CrmLive" xmlns:xsi="http://www.w3.org/2001/XMLSchema-instance">
  <SolutionManifest>
    <UniqueName>SalesAnalytics</UniqueName>
    <LocalizedNames>
      <LocalizedName description="Sales Analytics" languagecode="1033" />
    </LocalizedNames>
    <Descriptions />
    <Version>3.0.0.0</Version>
    <Managed>0</Managed>
    <Publisher>
      <UniqueName>PowerBI</UniqueName>
      <LocalizedNames>
        <LocalizedName description="Power BI" languagecode="1033" />
      </LocalizedNames>
      <Descriptions />
      <EMailAddress xsi:nil="true"></EMailAddress>
      <SupportingWebsiteUrl xsi:nil="true"></SupportingWebsiteUrl>
      <CustomizationPrefix>pbi</CustomizationPrefix>
      <CustomizationOptionValuePrefix>88999</CustomizationOptionValuePrefix>
      <Addresses>
        <Address>
          <AddressNumber>1</AddressNumber>
          <AddressTypeCode>1</AddressTypeCode>
          <City xsi:nil="true"></City>
          <County xsi:nil="true"></County>
          <Country xsi:nil="true"></Country>
          <Fax xsi:nil="true"></Fax>
          <FreightTermsCode xsi:nil="true"></FreightTermsCode>
          <ImportSequenceNumber xsi:nil="true"></ImportSequenceNumber>
          <Latitude xsi:nil="true"></Latitude>
          <Line1 xsi:nil="true"></Line1>
          <Line2 xsi:nil="true"></Line2>
          <Line3 xsi:nil="true"></Line3>
          <Longitude xsi:nil="true"></Longitude>
          <Name xsi:nil="true"></Name>
          <PostalCode xsi:nil="true"></PostalCode>
          <PostOfficeBox xsi:nil="true"></PostOfficeBox>
          <PrimaryContactName xsi:nil="true"></PrimaryContactName>
          <ShippingMethodCode>1</ShippingMethodCode>
          <StateOrProvince xsi:nil="true"></StateOrProvince>
          <Telephone1 xsi:nil="true"></Telephone1>
          <Telephone2 xsi:nil="true"></Telephone2>
          <Telephone3 xsi:nil="true"></Telephone3>
          <TimeZoneRuleVersionNumber xsi:nil="true"></TimeZoneRuleVersionNumber>
          <UPSZone xsi:nil="true"></UPSZone>
          <UTCOffset xsi:nil="true"></UTCOffset>
          <UTCConversionTimeZoneCode xsi:nil="true"></UTCConversionTimeZoneCode>
        </Address>
        <Address>
          <AddressNumber>2</AddressNumber>
          <AddressTypeCode>1</AddressTypeCode>
          <City xsi:nil="true"></City>
          <County xsi:nil="true"></County>
          <Country xsi:nil="true"></Country>
          <Fax xsi:nil="true"></Fax>
          <FreightTermsCode xsi:nil="true"></FreightTermsCode>
          <ImportSequenceNumber xsi:nil="true"></ImportSequenceNumber>
          <Latitude xsi:nil="true"></Latitude>
          <Line1 xsi:nil="true"></Line1>
          <Line2 xsi:nil="true"></Line2>
          <Line3 xsi:nil="true"></Line3>
          <Longitude xsi:nil="true"></Longitude>
          <Name xsi:nil="true"></Name>
          <PostalCode xsi:nil="true"></PostalCode>
          <PostOfficeBox xsi:nil="true"></PostOfficeBox>
          <PrimaryContactName xsi:nil="true"></PrimaryContactName>
          <ShippingMethodCode>1</ShippingMethodCode>
          <StateOrProvince xsi:nil="true"></StateOrProvince>
          <Telephone1 xsi:nil="true"></Telephone1>
          <Telephone2 xsi:nil="true"></Telephone2>
          <Telephone3 xsi:nil="true"></Telephone3>
          <TimeZoneRuleVersionNumber xsi:nil="true"></TimeZoneRuleVersionNumber>
          <UPSZone xsi:nil="true"></UPSZone>
          <UTCOffset xsi:nil="true"></UTCOffset>
          <UTCConversionTimeZoneCode xsi:nil="true"></UTCConversionTimeZoneCode>
        </Address>
      </Addresses>
    </Publisher>
    <RootComponents>
      <RootComponent type="1" schemaName="account" behavior="2" />
      <RootComponent type="1" schemaName="campaign" behavior="2" />
      <RootComponent type="1" schemaName="contact" behavior="2" />
      <RootComponent type="1" schemaName="opportunity" behavior="2" />
      <RootComponent type="1" schemaName="systemuser" behavior="2" />
      <RootComponent type="1" schemaName="territory" behavior="2" />
      <RootComponent type="20" id="{4468d18d-b9f5-ed11-8848-000d3a338f87}" behavior="0" />
      <RootComponent type="60" id="{b86b8b3e-5d31-ee11-bdf3-000d3a31b3df}" behavior="0" />
      <RootComponent type="62" schemaName="pbi_ContosoAnalytics" behavior="0" />
      <RootComponent type="80" schemaName="pbi_ContosoAnalytics" behavior="0" />
    </RootComponents>
    <MissingDependencies>
      <MissingDependency>
        <Required type="1" schemaName="campaign" displayName="Campaign" solution="msdynce_Marketing (9.0.4.37)">
          <package>msdynce_MarketingAnchor (9.0.23062.10001)</package>
        </Required>
        <Dependent type="1" schemaName="campaign" displayName="Campaign" />
      </MissingDependency>
      <MissingDependency>
        <Required type="1" schemaName="campaign" displayName="Campaign" solution="msdynce_Marketing (9.0.4.37)">
          <package>msdynce_MarketingAnchor (9.0.23062.10001)</package>
        </Required>
        <Dependent type="26" schemaName="Campaigns - (With Opportunities as Source Campaign)" displayName="Campaigns - (With Opportunities as Source Campaign)" parentSchemaName="campaign" parentDisplayName="Campaign" id="{1516a9e3-bddf-ed11-a7c7-000d3a338f87}" />
      </MissingDependency>
      <MissingDependency>
        <Required type="1" schemaName="campaign" displayName="Campaign" solution="msdynce_Marketing (9.0.4.37)">
          <package>msdynce_MarketingAnchor (9.0.23062.10001)</package>
        </Required>
        <Dependent type="62" schemaName="pbi_ContosoAnalytics" />
      </MissingDependency>
      <MissingDependency>
        <Required type="1" schemaName="campaign" displayName="Campaign" solution="msdynce_Marketing (9.0.4.37)">
          <package>msdynce_MarketingAnchor (9.0.23062.10001)</package>
        </Required>
        <Dependent type="80" schemaName="pbi_ContosoAnalytics" displayName="Contoso Analytics" />
      </MissingDependency>
      <MissingDependency>
        <Required type="1" schemaName="incident" displayName="Case" solution="msdynce_Service (9.0.5.56)">
          <package>msdynce_ServiceAnchor (9.0.23064.1018)</package>
        </Required>
        <Dependent type="80" schemaName="pbi_ContosoAnalytics" displayName="Contoso Analytics" />
      </MissingDependency>
      <MissingDependency>
        <Required type="1" schemaName="lead" displayName="Lead" solution="msdynce_LeadManagement (9.0.4.0066)">
          <package>msdynce_LeadManagementAnchor (9.0.23064.10001)</package>
        </Required>
        <Dependent type="80" schemaName="pbi_ContosoAnalytics" displayName="Contoso Analytics" />
      </MissingDependency>
      <MissingDependency>
        <Required type="1" schemaName="msdyn_iotalert" displayName="IoT Alert" solution="IoTConnector (1.8.9.7)">
          <package>msdynce_ServiceAnchor (9.0.23064.1018)</package>
        </Required>
        <Dependent type="80" schemaName="pbi_ContosoAnalytics" displayName="Contoso Analytics" />
      </MissingDependency>
      <MissingDependency>
        <Required type="1" schemaName="opportunity" displayName="Opportunity" solution="msdynce_Sales (9.0.4.0076)">
          <package>msdynce_SalesAnchor (9.0.23064.10028)</package>
        </Required>
        <Dependent type="1" schemaName="opportunity" displayName="Opportunity" />
      </MissingDependency>
      <MissingDependency>
        <Required type="1" schemaName="opportunity" displayName="Opportunity" solution="msdynce_Sales (9.0.4.0076)">
          <package>msdynce_SalesAnchor (9.0.23064.10028)</package>
        </Required>
        <Dependent type="26" schemaName="Campaigns - (With Opportunities as Source Campaign)" displayName="Campaigns - (With Opportunities as Source Campaign)" parentSchemaName="campaign" parentDisplayName="Campaign" id="{1516a9e3-bddf-ed11-a7c7-000d3a338f87}" />
      </MissingDependency>
      <MissingDependency>
        <Required type="1" schemaName="opportunity" displayName="Opportunity" solution="msdynce_Sales (9.0.4.0076)">
          <package>msdynce_SalesAnchor (9.0.23064.10028)</package>
        </Required>
        <Dependent type="26" schemaName="Contacts - (With Opportunities as Potential Customer)" displayName="Contacts - (With Opportunities as Potential Customer)" parentSchemaName="contact" parentDisplayName="Contact" id="{4c16b74e-aedf-ed11-a7c7-000d3a338f87}" />
      </MissingDependency>
      <MissingDependency>
        <Required type="1" schemaName="opportunity" displayName="Opportunity" solution="msdynce_Sales (9.0.4.0076)">
          <package>msdynce_SalesAnchor (9.0.23064.10028)</package>
        </Required>
        <Dependent type="26" schemaName="Territories - (With Opportunities in Accounts)" displayName="Territories - (With Opportunities in Accounts)" parentSchemaName="territory" parentDisplayName="Territory" id="{5168f833-0af4-ed11-8848-000d3a338f87}" />
      </MissingDependency>
      <MissingDependency>
        <Required type="1" schemaName="opportunity" displayName="Opportunity" solution="msdynce_Sales (9.0.4.0076)">
          <package>msdynce_SalesAnchor (9.0.23064.10028)</package>
        </Required>
        <Dependent type="26" schemaName="Accounts - (With Opportunities as Potential Customer)" displayName="Accounts - (With Opportunities as Potential Customer)" parentSchemaName="account" parentDisplayName="Account" id="{59df3110-afdf-ed11-a7c7-000d3a338f87}" />
      </MissingDependency>
      <MissingDependency>
        <Required type="1" schemaName="opportunity" displayName="Opportunity" solution="msdynce_Sales (9.0.4.0076)">
          <package>msdynce_SalesAnchor (9.0.23064.10028)</package>
        </Required>
        <Dependent type="26" schemaName="Sales Users - (With Opportunities as Owner)" displayName="Sales Users - (With Opportunities as Owner)" parentSchemaName="systemuser" parentDisplayName="User" id="{6783f5ca-addf-ed11-a7c7-000d3a338f87}" />
      </MissingDependency>
      <MissingDependency>
        <Required type="1" schemaName="opportunity" displayName="Opportunity" solution="msdynce_Sales (9.0.4.0076)">
          <package>msdynce_SalesAnchor (9.0.23064.10028)</package>
        </Required>
        <Dependent type="26" schemaName="Opportunities for Sales Analytics" displayName="Opportunities for Sales Analytics" parentSchemaName="opportunity" parentDisplayName="Opportunity" id="{8bb7a68d-cddf-ed11-a7c7-000d3a338f87}" />
      </MissingDependency>
      <MissingDependency>
        <Required type="1" schemaName="opportunity" displayName="Opportunity" solution="msdynce_Sales (9.0.4.0076)">
          <package>msdynce_SalesAnchor (9.0.23064.10028)</package>
        </Required>
        <Dependent type="60" displayName="Account - Contoso Sales Analytics" parentDisplayName="Account" id="{382017ba-5a31-ee11-bdf3-000d3a31b3df}" />
      </MissingDependency>
      <MissingDependency>
        <Required type="1" schemaName="opportunity" displayName="Opportunity" solution="msdynce_Sales (9.0.4.0076)">
          <package>msdynce_SalesAnchor (9.0.23064.10028)</package>
        </Required>
        <Dependent type="60" displayName="Opportunities - Sales Analytics Data Entry" parentDisplayName="Opportunity" id="{7666f7ce-cddf-ed11-a7c7-000d3a338f87}" />
      </MissingDependency>
      <MissingDependency>
        <Required type="1" schemaName="opportunity" displayName="Opportunity" solution="msdynce_Sales (9.0.4.0076)">
          <package>msdynce_SalesAnchor (9.0.23064.10028)</package>
        </Required>
        <Dependent type="62" schemaName="pbi_ContosoAnalytics" />
      </MissingDependency>
      <MissingDependency>
        <Required type="1" schemaName="opportunity" displayName="Opportunity" solution="msdynce_Sales (9.0.4.0076)">
          <package>msdynce_SalesAnchor (9.0.23064.10028)</package>
        </Required>
        <Dependent type="80" schemaName="pbi_ContosoAnalytics" displayName="Contoso Analytics" />
      </MissingDependency>
      <MissingDependency>
        <Required type="1" schemaName="opportunityproduct" displayName="Opportunity Product" solution="msdynce_Sales (9.0.4.0076)">
          <package>msdynce_SalesAnchor (9.0.23064.10028)</package>
        </Required>
        <Dependent type="60" displayName="Opportunities - Sales Analytics Data Entry" parentDisplayName="Opportunity" id="{7666f7ce-cddf-ed11-a7c7-000d3a338f87}" />
      </MissingDependency>
      <MissingDependency>
        <Required type="1" schemaName="territory" displayName="Territory" solution="msdynce_AppCommon (9.0.4.0066)">
          <package>msdynce_AppCommonAnchor (9.0.23064.10002)</package>
        </Required>
        <Dependent type="1" schemaName="territory" displayName="Territory" />
      </MissingDependency>
      <MissingDependency>
        <Required type="1" schemaName="territory" displayName="Territory" solution="msdynce_AppCommon (9.0.4.0066)">
          <package>msdynce_AppCommonAnchor (9.0.23064.10002)</package>
        </Required>
        <Dependent type="26" schemaName="Territories - (With Opportunities in Accounts)" displayName="Territories - (With Opportunities in Accounts)" parentSchemaName="territory" parentDisplayName="Territory" id="{5168f833-0af4-ed11-8848-000d3a338f87}" />
      </MissingDependency>
      <MissingDependency>
        <Required type="1" schemaName="territory" displayName="Territory" solution="msdynce_AppCommon (9.0.4.0066)">
          <package>msdynce_AppCommonAnchor (9.0.23064.10002)</package>
        </Required>
        <Dependent type="62" schemaName="pbi_ContosoAnalytics" />
      </MissingDependency>
      <MissingDependency>
        <Required type="1" schemaName="territory" displayName="Territory" solution="msdynce_AppCommon (9.0.4.0066)">
          <package>msdynce_AppCommonAnchor (9.0.23064.10002)</package>
        </Required>
        <Dependent type="80" schemaName="pbi_ContosoAnalytics" displayName="Contoso Analytics" />
      </MissingDependency>
      <MissingDependency>
        <Required type="2" schemaName="opendeals" displayName="Open Deals" parentSchemaName="account" parentDisplayName="Account" solution="msdynce_Sales (9.0.4.0076)">
          <package>msdynce_SalesAnchor (9.0.23064.10028)</package>
        </Required>
        <Dependent type="26" schemaName="Accounts - (With Opportunities as Potential Customer)" displayName="Accounts - (With Opportunities as Potential Customer)" parentSchemaName="account" parentDisplayName="Account" id="{59df3110-afdf-ed11-a7c7-000d3a338f87}" />
      </MissingDependency>
      <MissingDependency>
        <Required type="2" schemaName="openrevenue" displayName="Open Revenue" parentSchemaName="account" parentDisplayName="Account" solution="msdynce_Sales (9.0.4.0076)">
          <package>msdynce_SalesAnchor (9.0.23064.10028)</package>
        </Required>
        <Dependent type="26" schemaName="Accounts - (With Opportunities as Potential Customer)" displayName="Accounts - (With Opportunities as Potential Customer)" parentSchemaName="account" parentDisplayName="Account" id="{59df3110-afdf-ed11-a7c7-000d3a338f87}" />
      </MissingDependency>
      <MissingDependency>
        <Required type="2" schemaName="originatingleadid" displayName="Originating Lead" parentSchemaName="account" parentDisplayName="Account" solution="msdynce_LeadManagement (9.0.4.0066)">
          <package>msdynce_LeadManagementAnchor (9.0.23064.10001)</package>
        </Required>
        <Dependent type="60" displayName="Account - Contoso Sales Analytics" parentDisplayName="Account" id="{382017ba-5a31-ee11-bdf3-000d3a31b3df}" />
      </MissingDependency>
      <MissingDependency>
        <Required type="2" schemaName="territoryid" displayName="Territory" parentSchemaName="account" parentDisplayName="Account" solution="msdynce_Sales (9.0.4.0076)">
          <package>msdynce_SalesAnchor (9.0.23064.10028)</package>
        </Required>
        <Dependent type="2" schemaName="territoryid" displayName="Territory" parentSchemaName="account" parentDisplayName="Account" />
      </MissingDependency>
      <MissingDependency>
        <Required type="2" schemaName="campaignid" displayName="Campaign" parentSchemaName="campaign" parentDisplayName="Campaign" solution="msdynce_Marketing (9.0.4.37)">
          <package>msdynce_MarketingAnchor (9.0.23062.10001)</package>
        </Required>
        <Dependent type="26" schemaName="Campaigns - (With Opportunities as Source Campaign)" displayName="Campaigns - (With Opportunities as Source Campaign)" parentSchemaName="campaign" parentDisplayName="Campaign" id="{1516a9e3-bddf-ed11-a7c7-000d3a338f87}" />
      </MissingDependency>
      <MissingDependency>
        <Required type="2" schemaName="name" displayName="Name" parentSchemaName="campaign" parentDisplayName="Campaign" solution="msdynce_Marketing (9.0.4.37)">
          <package>msdynce_MarketingAnchor (9.0.23062.10001)</package>
        </Required>
        <Dependent type="26" schemaName="Campaigns - (With Opportunities as Source Campaign)" displayName="Campaigns - (With Opportunities as Source Campaign)" parentSchemaName="campaign" parentDisplayName="Campaign" id="{1516a9e3-bddf-ed11-a7c7-000d3a338f87}" />
      </MissingDependency>
      <MissingDependency>
        <Required type="2" schemaName="ownerid" displayName="Owner" parentSchemaName="campaign" parentDisplayName="Campaign" solution="msdynce_Marketing (9.0.4.37)">
          <package>msdynce_MarketingAnchor (9.0.23062.10001)</package>
        </Required>
        <Dependent type="26" schemaName="Campaigns - (With Opportunities as Source Campaign)" displayName="Campaigns - (With Opportunities as Source Campaign)" parentSchemaName="campaign" parentDisplayName="Campaign" id="{1516a9e3-bddf-ed11-a7c7-000d3a338f87}" />
      </MissingDependency>
      <MissingDependency>
        <Required type="2" schemaName="proposedend" displayName="Proposed End Date" parentSchemaName="campaign" parentDisplayName="Campaign" solution="msdynce_Marketing (9.0.4.37)">
          <package>msdynce_MarketingAnchor (9.0.23062.10001)</package>
        </Required>
        <Dependent type="26" schemaName="Campaigns - (With Opportunities as Source Campaign)" displayName="Campaigns - (With Opportunities as Source Campaign)" parentSchemaName="campaign" parentDisplayName="Campaign" id="{1516a9e3-bddf-ed11-a7c7-000d3a338f87}" />
      </MissingDependency>
      <MissingDependency>
        <Required type="2" schemaName="proposedstart" displayName="Proposed Start Date" parentSchemaName="campaign" parentDisplayName="Campaign" solution="msdynce_Marketing (9.0.4.37)">
          <package>msdynce_MarketingAnchor (9.0.23062.10001)</package>
        </Required>
        <Dependent type="26" schemaName="Campaigns - (With Opportunities as Source Campaign)" displayName="Campaigns - (With Opportunities as Source Campaign)" parentSchemaName="campaign" parentDisplayName="Campaign" id="{1516a9e3-bddf-ed11-a7c7-000d3a338f87}" />
      </MissingDependency>
      <MissingDependency>
        <Required type="2" schemaName="typecode" displayName="Campaign Type" parentSchemaName="campaign" parentDisplayName="Campaign" solution="msdynce_Marketing (9.0.4.37)">
          <package>msdynce_MarketingAnchor (9.0.23062.10001)</package>
        </Required>
        <Dependent type="26" schemaName="Campaigns - (With Opportunities as Source Campaign)" displayName="Campaigns - (With Opportunities as Source Campaign)" parentSchemaName="campaign" parentDisplayName="Campaign" id="{1516a9e3-bddf-ed11-a7c7-000d3a338f87}" />
      </MissingDependency>
      <MissingDependency>
        <Required type="2" schemaName="actualclosedate" displayName="Actual Close Date" parentSchemaName="opportunity" parentDisplayName="Opportunity" solution="msdynce_Sales (9.0.4.0076)">
          <package>msdynce_SalesAnchor (9.0.23064.10028)</package>
        </Required>
        <Dependent type="26" schemaName="Opportunities for Sales Analytics" displayName="Opportunities for Sales Analytics" parentSchemaName="opportunity" parentDisplayName="Opportunity" id="{8bb7a68d-cddf-ed11-a7c7-000d3a338f87}" />
      </MissingDependency>
      <MissingDependency>
        <Required type="2" schemaName="actualclosedate" displayName="Actual Close Date" parentSchemaName="opportunity" parentDisplayName="Opportunity" solution="msdynce_Sales (9.0.4.0076)">
          <package>msdynce_SalesAnchor (9.0.23064.10028)</package>
        </Required>
        <Dependent type="60" displayName="Opportunities - Sales Analytics Data Entry" parentDisplayName="Opportunity" id="{7666f7ce-cddf-ed11-a7c7-000d3a338f87}" />
      </MissingDependency>
      <MissingDependency>
        <Required type="2" schemaName="actualvalue" displayName="Actual Revenue" parentSchemaName="opportunity" parentDisplayName="Opportunity" solution="msdynce_Sales (9.0.4.0076)">
          <package>msdynce_SalesAnchor (9.0.23064.10028)</package>
        </Required>
        <Dependent type="26" schemaName="Opportunities for Sales Analytics" displayName="Opportunities for Sales Analytics" parentSchemaName="opportunity" parentDisplayName="Opportunity" id="{8bb7a68d-cddf-ed11-a7c7-000d3a338f87}" />
      </MissingDependency>
      <MissingDependency>
        <Required type="2" schemaName="actualvalue" displayName="Actual Revenue" parentSchemaName="opportunity" parentDisplayName="Opportunity" solution="msdynce_Sales (9.0.4.0076)">
          <package>msdynce_SalesAnchor (9.0.23064.10028)</package>
        </Required>
        <Dependent type="60" displayName="Opportunities - Sales Analytics Data Entry" parentDisplayName="Opportunity" id="{7666f7ce-cddf-ed11-a7c7-000d3a338f87}" />
      </MissingDependency>
      <MissingDependency>
        <Required type="2" schemaName="campaignid" displayName="Source Campaign" parentSchemaName="opportunity" parentDisplayName="Opportunity" solution="msdynce_MarketingSales (9.0.4.29)">
          <package>msdynce_MarketingSalesAnchor (9.0.23062.10001)</package>
        </Required>
        <Dependent type="26" schemaName="Campaigns - (With Opportunities as Source Campaign)" displayName="Campaigns - (With Opportunities as Source Campaign)" parentSchemaName="campaign" parentDisplayName="Campaign" id="{1516a9e3-bddf-ed11-a7c7-000d3a338f87}" />
      </MissingDependency>
      <MissingDependency>
        <Required type="2" schemaName="campaignid" displayName="Source Campaign" parentSchemaName="opportunity" parentDisplayName="Opportunity" solution="msdynce_MarketingSales (9.0.4.29)">
          <package>msdynce_MarketingSalesAnchor (9.0.23062.10001)</package>
        </Required>
        <Dependent type="26" schemaName="Opportunities for Sales Analytics" displayName="Opportunities for Sales Analytics" parentSchemaName="opportunity" parentDisplayName="Opportunity" id="{8bb7a68d-cddf-ed11-a7c7-000d3a338f87}" />
      </MissingDependency>
      <MissingDependency>
        <Required type="2" schemaName="campaignid" displayName="Source Campaign" parentSchemaName="opportunity" parentDisplayName="Opportunity" solution="msdynce_MarketingSales (9.0.4.29)">
          <package>msdynce_MarketingSalesAnchor (9.0.23062.10001)</package>
        </Required>
        <Dependent type="60" displayName="Opportunities - Sales Analytics Data Entry" parentDisplayName="Opportunity" id="{7666f7ce-cddf-ed11-a7c7-000d3a338f87}" />
      </MissingDependency>
      <MissingDependency>
        <Required type="2" schemaName="closeprobability" displayName="Probability" parentSchemaName="opportunity" parentDisplayName="Opportunity" solution="msdynce_Sales (9.0.4.0076)">
          <package>msdynce_SalesAnchor (9.0.23064.10028)</package>
        </Required>
        <Dependent type="26" schemaName="Opportunities for Sales Analytics" displayName="Opportunities for Sales Analytics" parentSchemaName="opportunity" parentDisplayName="Opportunity" id="{8bb7a68d-cddf-ed11-a7c7-000d3a338f87}" />
      </MissingDependency>
      <MissingDependency>
        <Required type="2" schemaName="closeprobability" displayName="Probability" parentSchemaName="opportunity" parentDisplayName="Opportunity" solution="msdynce_Sales (9.0.4.0076)">
          <package>msdynce_SalesAnchor (9.0.23064.10028)</package>
        </Required>
        <Dependent type="60" displayName="Opportunities - Sales Analytics Data Entry" parentDisplayName="Opportunity" id="{7666f7ce-cddf-ed11-a7c7-000d3a338f87}" />
      </MissingDependency>
      <MissingDependency>
        <Required type="2" schemaName="createdon" displayName="Created On" parentSchemaName="opportunity" parentDisplayName="Opportunity" solution="msdynce_Sales (9.0.4.0076)">
          <package>msdynce_SalesAnchor (9.0.23064.10028)</package>
        </Required>
        <Dependent type="26" schemaName="Opportunities for Sales Analytics" displayName="Opportunities for Sales Analytics" parentSchemaName="opportunity" parentDisplayName="Opportunity" id="{8bb7a68d-cddf-ed11-a7c7-000d3a338f87}" />
      </MissingDependency>
      <MissingDependency>
        <Required type="2" schemaName="createdon" displayName="Created On" parentSchemaName="opportunity" parentDisplayName="Opportunity" solution="msdynce_Sales (9.0.4.0076)">
          <package>msdynce_SalesAnchor (9.0.23064.10028)</package>
        </Required>
        <Dependent type="60" displayName="Opportunities - Sales Analytics Data Entry" parentDisplayName="Opportunity" id="{7666f7ce-cddf-ed11-a7c7-000d3a338f87}" />
      </MissingDependency>
      <MissingDependency>
        <Required type="2" schemaName="customerid" displayName="Potential Customer" parentSchemaName="opportunity" parentDisplayName="Opportunity" solution="msdynce_Sales (9.0.4.0076)">
          <package>msdynce_SalesAnchor (9.0.23064.10028)</package>
        </Required>
        <Dependent type="26" schemaName="Contacts - (With Opportunities as Potential Customer)" displayName="Contacts - (With Opportunities as Potential Customer)" parentSchemaName="contact" parentDisplayName="Contact" id="{4c16b74e-aedf-ed11-a7c7-000d3a338f87}" />
      </MissingDependency>
      <MissingDependency>
        <Required type="2" schemaName="customerid" displayName="Potential Customer" parentSchemaName="opportunity" parentDisplayName="Opportunity" solution="msdynce_Sales (9.0.4.0076)">
          <package>msdynce_SalesAnchor (9.0.23064.10028)</package>
        </Required>
        <Dependent type="26" schemaName="Territories - (With Opportunities in Accounts)" displayName="Territories - (With Opportunities in Accounts)" parentSchemaName="territory" parentDisplayName="Territory" id="{5168f833-0af4-ed11-8848-000d3a338f87}" />
      </MissingDependency>
      <MissingDependency>
        <Required type="2" schemaName="customerid" displayName="Potential Customer" parentSchemaName="opportunity" parentDisplayName="Opportunity" solution="msdynce_Sales (9.0.4.0076)">
          <package>msdynce_SalesAnchor (9.0.23064.10028)</package>
        </Required>
        <Dependent type="26" schemaName="Accounts - (With Opportunities as Potential Customer)" displayName="Accounts - (With Opportunities as Potential Customer)" parentSchemaName="account" parentDisplayName="Account" id="{59df3110-afdf-ed11-a7c7-000d3a338f87}" />
      </MissingDependency>
      <MissingDependency>
        <Required type="2" schemaName="customerid" displayName="Potential Customer" parentSchemaName="opportunity" parentDisplayName="Opportunity" solution="msdynce_Sales (9.0.4.0076)">
          <package>msdynce_SalesAnchor (9.0.23064.10028)</package>
        </Required>
        <Dependent type="26" schemaName="Opportunities for Sales Analytics" displayName="Opportunities for Sales Analytics" parentSchemaName="opportunity" parentDisplayName="Opportunity" id="{8bb7a68d-cddf-ed11-a7c7-000d3a338f87}" />
      </MissingDependency>
      <MissingDependency>
        <Required type="2" schemaName="customerid" displayName="Potential Customer" parentSchemaName="opportunity" parentDisplayName="Opportunity" solution="msdynce_Sales (9.0.4.0076)">
          <package>msdynce_SalesAnchor (9.0.23064.10028)</package>
        </Required>
        <Dependent type="60" displayName="Opportunities - Sales Analytics Data Entry" parentDisplayName="Opportunity" id="{7666f7ce-cddf-ed11-a7c7-000d3a338f87}" />
      </MissingDependency>
      <MissingDependency>
        <Required type="2" schemaName="decisionmaker" displayName="Decision Maker?" parentSchemaName="opportunity" parentDisplayName="Opportunity" solution="msdynce_Sales (9.0.4.0076)">
          <package>msdynce_SalesAnchor (9.0.23064.10028)</package>
        </Required>
        <Dependent type="26" schemaName="Opportunities for Sales Analytics" displayName="Opportunities for Sales Analytics" parentSchemaName="opportunity" parentDisplayName="Opportunity" id="{8bb7a68d-cddf-ed11-a7c7-000d3a338f87}" />
      </MissingDependency>
      <MissingDependency>
        <Required type="2" schemaName="decisionmaker" displayName="Decision Maker?" parentSchemaName="opportunity" parentDisplayName="Opportunity" solution="msdynce_Sales (9.0.4.0076)">
          <package>msdynce_SalesAnchor (9.0.23064.10028)</package>
        </Required>
        <Dependent type="60" displayName="Opportunities - Sales Analytics Data Entry" parentDisplayName="Opportunity" id="{7666f7ce-cddf-ed11-a7c7-000d3a338f87}" />
      </MissingDependency>
      <MissingDependency>
        <Required type="2" schemaName="discountamount" displayName="Opportunity Discount Amount" parentSchemaName="opportunity" parentDisplayName="Opportunity" solution="msdynce_Sales (9.0.4.0076)">
          <package>msdynce_SalesAnchor (9.0.23064.10028)</package>
        </Required>
        <Dependent type="60" displayName="Opportunities - Sales Analytics Data Entry" parentDisplayName="Opportunity" id="{7666f7ce-cddf-ed11-a7c7-000d3a338f87}" />
      </MissingDependency>
      <MissingDependency>
        <Required type="2" schemaName="discountpercentage" displayName="Opportunity Discount (%)" parentSchemaName="opportunity" parentDisplayName="Opportunity" solution="msdynce_Sales (9.0.4.0076)">
          <package>msdynce_SalesAnchor (9.0.23064.10028)</package>
        </Required>
        <Dependent type="60" displayName="Opportunities - Sales Analytics Data Entry" parentDisplayName="Opportunity" id="{7666f7ce-cddf-ed11-a7c7-000d3a338f87}" />
      </MissingDependency>
      <MissingDependency>
        <Required type="2" schemaName="estimatedclosedate" displayName="Est. close date" parentSchemaName="opportunity" parentDisplayName="Opportunity" solution="msdynce_Sales (9.0.4.0076)">
          <package>msdynce_SalesAnchor (9.0.23064.10028)</package>
        </Required>
        <Dependent type="26" schemaName="Opportunities for Sales Analytics" displayName="Opportunities for Sales Analytics" parentSchemaName="opportunity" parentDisplayName="Opportunity" id="{8bb7a68d-cddf-ed11-a7c7-000d3a338f87}" />
      </MissingDependency>
      <MissingDependency>
        <Required type="2" schemaName="estimatedclosedate" displayName="Est. close date" parentSchemaName="opportunity" parentDisplayName="Opportunity" solution="msdynce_Sales (9.0.4.0076)">
          <package>msdynce_SalesAnchor (9.0.23064.10028)</package>
        </Required>
        <Dependent type="60" displayName="Opportunities - Sales Analytics Data Entry" parentDisplayName="Opportunity" id="{7666f7ce-cddf-ed11-a7c7-000d3a338f87}" />
      </MissingDependency>
      <MissingDependency>
        <Required type="2" schemaName="estimatedvalue" displayName="Est. revenue" parentSchemaName="opportunity" parentDisplayName="Opportunity" solution="msdynce_Sales (9.0.4.0076)">
          <package>msdynce_SalesAnchor (9.0.23064.10028)</package>
        </Required>
        <Dependent type="26" schemaName="Opportunities for Sales Analytics" displayName="Opportunities for Sales Analytics" parentSchemaName="opportunity" parentDisplayName="Opportunity" id="{8bb7a68d-cddf-ed11-a7c7-000d3a338f87}" />
      </MissingDependency>
      <MissingDependency>
        <Required type="2" schemaName="estimatedvalue" displayName="Est. revenue" parentSchemaName="opportunity" parentDisplayName="Opportunity" solution="msdynce_Sales (9.0.4.0076)">
          <package>msdynce_SalesAnchor (9.0.23064.10028)</package>
        </Required>
        <Dependent type="60" displayName="Opportunities - Sales Analytics Data Entry" parentDisplayName="Opportunity" id="{7666f7ce-cddf-ed11-a7c7-000d3a338f87}" />
      </MissingDependency>
      <MissingDependency>
        <Required type="2" schemaName="freightamount" displayName="Freight Amount" parentSchemaName="opportunity" parentDisplayName="Opportunity" solution="msdynce_Sales (9.0.4.0076)">
          <package>msdynce_SalesAnchor (9.0.23064.10028)</package>
        </Required>
        <Dependent type="60" displayName="Opportunities - Sales Analytics Data Entry" parentDisplayName="Opportunity" id="{7666f7ce-cddf-ed11-a7c7-000d3a338f87}" />
      </MissingDependency>
      <MissingDependency>
        <Required type="2" schemaName="isrevenuesystemcalculated" displayName="Revenue" parentSchemaName="opportunity" parentDisplayName="Opportunity" solution="msdynce_Sales (9.0.4.0076)">
          <package>msdynce_SalesAnchor (9.0.23064.10028)</package>
        </Required>
        <Dependent type="60" displayName="Opportunities - Sales Analytics Data Entry" parentDisplayName="Opportunity" id="{7666f7ce-cddf-ed11-a7c7-000d3a338f87}" />
      </MissingDependency>
      <MissingDependency>
        <Required type="2" schemaName="name" displayName="Topic" parentSchemaName="opportunity" parentDisplayName="Opportunity" solution="msdynce_Sales (9.0.4.0076)">
          <package>msdynce_SalesAnchor (9.0.23064.10028)</package>
        </Required>
        <Dependent type="26" schemaName="Opportunities for Sales Analytics" displayName="Opportunities for Sales Analytics" parentSchemaName="opportunity" parentDisplayName="Opportunity" id="{8bb7a68d-cddf-ed11-a7c7-000d3a338f87}" />
      </MissingDependency>
      <MissingDependency>
        <Required type="2" schemaName="name" displayName="Topic" parentSchemaName="opportunity" parentDisplayName="Opportunity" solution="msdynce_Sales (9.0.4.0076)">
          <package>msdynce_SalesAnchor (9.0.23064.10028)</package>
        </Required>
        <Dependent type="60" displayName="Opportunities - Sales Analytics Data Entry" parentDisplayName="Opportunity" id="{7666f7ce-cddf-ed11-a7c7-000d3a338f87}" />
      </MissingDependency>
      <MissingDependency>
        <Required type="2" schemaName="opportunityid" displayName="Opportunity" parentSchemaName="opportunity" parentDisplayName="Opportunity" solution="msdynce_Sales (9.0.4.0076)">
          <package>msdynce_SalesAnchor (9.0.23064.10028)</package>
        </Required>
        <Dependent type="26" schemaName="Opportunities for Sales Analytics" displayName="Opportunities for Sales Analytics" parentSchemaName="opportunity" parentDisplayName="Opportunity" id="{8bb7a68d-cddf-ed11-a7c7-000d3a338f87}" />
      </MissingDependency>
      <MissingDependency>
        <Required type="2" schemaName="opportunityratingcode" displayName="Rating" parentSchemaName="opportunity" parentDisplayName="Opportunity" solution="msdynce_Sales (9.0.4.0076)">
          <package>msdynce_SalesAnchor (9.0.23064.10028)</package>
        </Required>
        <Dependent type="26" schemaName="Opportunities for Sales Analytics" displayName="Opportunities for Sales Analytics" parentSchemaName="opportunity" parentDisplayName="Opportunity" id="{8bb7a68d-cddf-ed11-a7c7-000d3a338f87}" />
      </MissingDependency>
      <MissingDependency>
        <Required type="2" schemaName="opportunityratingcode" displayName="Rating" parentSchemaName="opportunity" parentDisplayName="Opportunity" solution="msdynce_Sales (9.0.4.0076)">
          <package>msdynce_SalesAnchor (9.0.23064.10028)</package>
        </Required>
        <Dependent type="60" displayName="Opportunities - Sales Analytics Data Entry" parentDisplayName="Opportunity" id="{7666f7ce-cddf-ed11-a7c7-000d3a338f87}" />
      </MissingDependency>
      <MissingDependency>
        <Required type="2" schemaName="originatingleadid" displayName="Originating Lead" parentSchemaName="opportunity" parentDisplayName="Opportunity" solution="msdynce_Sales (9.0.4.0076)">
          <package>msdynce_SalesAnchor (9.0.23064.10028)</package>
        </Required>
        <Dependent type="60" displayName="Opportunities - Sales Analytics Data Entry" parentDisplayName="Opportunity" id="{7666f7ce-cddf-ed11-a7c7-000d3a338f87}" />
      </MissingDependency>
      <MissingDependency>
        <Required type="2" schemaName="ownerid" displayName="Owner" parentSchemaName="opportunity" parentDisplayName="Opportunity" solution="msdynce_Sales (9.0.4.0076)">
          <package>msdynce_SalesAnchor (9.0.23064.10028)</package>
        </Required>
        <Dependent type="26" schemaName="Opportunities for Sales Analytics" displayName="Opportunities for Sales Analytics" parentSchemaName="opportunity" parentDisplayName="Opportunity" id="{8bb7a68d-cddf-ed11-a7c7-000d3a338f87}" />
      </MissingDependency>
      <MissingDependency>
        <Required type="2" schemaName="ownerid" displayName="Owner" parentSchemaName="opportunity" parentDisplayName="Opportunity" solution="msdynce_Sales (9.0.4.0076)">
          <package>msdynce_SalesAnchor (9.0.23064.10028)</package>
        </Required>
        <Dependent type="60" displayName="Opportunities - Sales Analytics Data Entry" parentDisplayName="Opportunity" id="{7666f7ce-cddf-ed11-a7c7-000d3a338f87}" />
      </MissingDependency>
      <MissingDependency>
        <Required type="2" schemaName="owninguser" displayName="Owning User" parentSchemaName="opportunity" parentDisplayName="Opportunity" solution="msdynce_Sales (9.0.4.0076)">
          <package>msdynce_SalesAnchor (9.0.23064.10028)</package>
        </Required>
        <Dependent type="26" schemaName="Sales Users - (With Opportunities as Owner)" displayName="Sales Users - (With Opportunities as Owner)" parentSchemaName="systemuser" parentDisplayName="User" id="{6783f5ca-addf-ed11-a7c7-000d3a338f87}" />
      </MissingDependency>
      <MissingDependency>
        <Required type="2" schemaName="pricelevelid" displayName="Price List" parentSchemaName="opportunity" parentDisplayName="Opportunity" solution="msdynce_Sales (9.0.4.0076)">
          <package>msdynce_SalesAnchor (9.0.23064.10028)</package>
        </Required>
        <Dependent type="60" displayName="Opportunities - Sales Analytics Data Entry" parentDisplayName="Opportunity" id="{7666f7ce-cddf-ed11-a7c7-000d3a338f87}" />
      </MissingDependency>
      <MissingDependency>
        <Required type="2" schemaName="purchaseprocess" displayName="Purchase Process" parentSchemaName="opportunity" parentDisplayName="Opportunity" solution="msdynce_Sales (9.0.4.0076)">
          <package>msdynce_SalesAnchor (9.0.23064.10028)</package>
        </Required>
        <Dependent type="26" schemaName="Opportunities for Sales Analytics" displayName="Opportunities for Sales Analytics" parentSchemaName="opportunity" parentDisplayName="Opportunity" id="{8bb7a68d-cddf-ed11-a7c7-000d3a338f87}" />
      </MissingDependency>
      <MissingDependency>
        <Required type="2" schemaName="statecode" displayName="Status" parentSchemaName="opportunity" parentDisplayName="Opportunity" solution="msdynce_Sales (9.0.4.0076)">
          <package>msdynce_SalesAnchor (9.0.23064.10028)</package>
        </Required>
        <Dependent type="26" schemaName="Opportunities for Sales Analytics" displayName="Opportunities for Sales Analytics" parentSchemaName="opportunity" parentDisplayName="Opportunity" id="{8bb7a68d-cddf-ed11-a7c7-000d3a338f87}" />
      </MissingDependency>
      <MissingDependency>
        <Required type="2" schemaName="statuscode" displayName="Status Reason" parentSchemaName="opportunity" parentDisplayName="Opportunity" solution="msdynce_Sales (9.0.4.0076)">
          <package>msdynce_SalesAnchor (9.0.23064.10028)</package>
        </Required>
        <Dependent type="26" schemaName="Opportunities for Sales Analytics" displayName="Opportunities for Sales Analytics" parentSchemaName="opportunity" parentDisplayName="Opportunity" id="{8bb7a68d-cddf-ed11-a7c7-000d3a338f87}" />
      </MissingDependency>
      <MissingDependency>
        <Required type="2" schemaName="statuscode" displayName="Status Reason" parentSchemaName="opportunity" parentDisplayName="Opportunity" solution="msdynce_Sales (9.0.4.0076)">
          <package>msdynce_SalesAnchor (9.0.23064.10028)</package>
        </Required>
        <Dependent type="60" displayName="Opportunities - Sales Analytics Data Entry" parentDisplayName="Opportunity" id="{7666f7ce-cddf-ed11-a7c7-000d3a338f87}" />
      </MissingDependency>
      <MissingDependency>
        <Required type="2" schemaName="stepname" displayName="Pipeline Phase" parentSchemaName="opportunity" parentDisplayName="Opportunity" solution="msdynce_Sales (9.0.4.0076)">
          <package>msdynce_SalesAnchor (9.0.23064.10028)</package>
        </Required>
        <Dependent type="26" schemaName="Opportunities for Sales Analytics" displayName="Opportunities for Sales Analytics" parentSchemaName="opportunity" parentDisplayName="Opportunity" id="{8bb7a68d-cddf-ed11-a7c7-000d3a338f87}" />
      </MissingDependency>
      <MissingDependency>
        <Required type="2" schemaName="stepname" displayName="Pipeline Phase" parentSchemaName="opportunity" parentDisplayName="Opportunity" solution="msdynce_Sales (9.0.4.0076)">
          <package>msdynce_SalesAnchor (9.0.23064.10028)</package>
        </Required>
        <Dependent type="60" displayName="Opportunities - Sales Analytics Data Entry" parentDisplayName="Opportunity" id="{7666f7ce-cddf-ed11-a7c7-000d3a338f87}" />
      </MissingDependency>
      <MissingDependency>
        <Required type="2" schemaName="totalamount" displayName="Total Amount" parentSchemaName="opportunity" parentDisplayName="Opportunity" solution="msdynce_Sales (9.0.4.0076)">
          <package>msdynce_SalesAnchor (9.0.23064.10028)</package>
        </Required>
        <Dependent type="60" displayName="Opportunities - Sales Analytics Data Entry" parentDisplayName="Opportunity" id="{7666f7ce-cddf-ed11-a7c7-000d3a338f87}" />
      </MissingDependency>
      <MissingDependency>
        <Required type="2" schemaName="totalamountlessfreight" displayName="Total Pre-Freight Amount" parentSchemaName="opportunity" parentDisplayName="Opportunity" solution="msdynce_Sales (9.0.4.0076)">
          <package>msdynce_SalesAnchor (9.0.23064.10028)</package>
        </Required>
        <Dependent type="60" displayName="Opportunities - Sales Analytics Data Entry" parentDisplayName="Opportunity" id="{7666f7ce-cddf-ed11-a7c7-000d3a338f87}" />
      </MissingDependency>
      <MissingDependency>
        <Required type="2" schemaName="totallineitemamount" displayName="Total Detail Amount" parentSchemaName="opportunity" parentDisplayName="Opportunity" solution="msdynce_Sales (9.0.4.0076)">
          <package>msdynce_SalesAnchor (9.0.23064.10028)</package>
        </Required>
        <Dependent type="60" displayName="Opportunities - Sales Analytics Data Entry" parentDisplayName="Opportunity" id="{7666f7ce-cddf-ed11-a7c7-000d3a338f87}" />
      </MissingDependency>
      <MissingDependency>
        <Required type="2" schemaName="totaltax" displayName="Total Tax" parentSchemaName="opportunity" parentDisplayName="Opportunity" solution="msdynce_Sales (9.0.4.0076)">
          <package>msdynce_SalesAnchor (9.0.23064.10028)</package>
        </Required>
        <Dependent type="60" displayName="Opportunities - Sales Analytics Data Entry" parentDisplayName="Opportunity" id="{7666f7ce-cddf-ed11-a7c7-000d3a338f87}" />
      </MissingDependency>
      <MissingDependency>
        <Required type="2" schemaName="transactioncurrencyid" displayName="Currency" parentSchemaName="opportunity" parentDisplayName="Opportunity" solution="msdynce_Sales (9.0.4.0076)">
          <package>msdynce_SalesAnchor (9.0.23064.10028)</package>
        </Required>
        <Dependent type="60" displayName="Opportunities - Sales Analytics Data Entry" parentDisplayName="Opportunity" id="{7666f7ce-cddf-ed11-a7c7-000d3a338f87}" />
      </MissingDependency>
      <MissingDependency>
        <Required type="2" schemaName="msdyn_botdescription" displayName="Description" parentSchemaName="systemuser" parentDisplayName="User" solution="OmnichannelBase (1.6.0.6046)">
          <package>UnifiedRoutingPrimeAnchor (1.5.16.6615)</package>
        </Required>
        <Dependent type="60" displayName="Sales User - Contoso Sales Analytics" parentDisplayName="User" id="{3d09e49f-5c31-ee11-bdf3-000d3a31b3df}" />
      </MissingDependency>
      <MissingDependency>
        <Required type="2" schemaName="msdyn_capacity" displayName="Capacity" parentSchemaName="systemuser" parentDisplayName="User" solution="OmnichannelBase (1.6.0.6046)">
          <package>UnifiedRoutingPrimeAnchor (1.5.16.6615)</package>
        </Required>
        <Dependent type="60" displayName="Sales User - Contoso Sales Analytics" parentDisplayName="User" id="{3d09e49f-5c31-ee11-bdf3-000d3a31b3df}" />
      </MissingDependency>
      <MissingDependency>
        <Required type="2" schemaName="siteid" displayName="Site" parentSchemaName="systemuser" parentDisplayName="User" solution="msdynce_Service (9.0.5.56)">
          <package>msdynce_ServiceAnchor (9.0.23064.1018)</package>
        </Required>
        <Dependent type="60" displayName="Sales User - Contoso Sales Analytics" parentDisplayName="User" id="{3d09e49f-5c31-ee11-bdf3-000d3a31b3df}" />
      </MissingDependency>
      <MissingDependency>
        <Required type="2" schemaName="territoryid" displayName="Territory" parentSchemaName="systemuser" parentDisplayName="User" solution="msdynce_AppCommon (9.0.4.0066)">
          <package>msdynce_AppCommonAnchor (9.0.23064.10002)</package>
        </Required>
        <Dependent type="60" displayName="Sales User - Contoso Sales Analytics" parentDisplayName="User" id="{3d09e49f-5c31-ee11-bdf3-000d3a31b3df}" />
      </MissingDependency>
      <MissingDependency>
        <Required type="2" schemaName="managerid" displayName="Manager" parentSchemaName="territory" parentDisplayName="Territory" solution="msdynce_AppCommon (9.0.4.0066)">
          <package>msdynce_AppCommonAnchor (9.0.23064.10002)</package>
        </Required>
        <Dependent type="26" schemaName="Territories - (With Opportunities in Accounts)" displayName="Territories - (With Opportunities in Accounts)" parentSchemaName="territory" parentDisplayName="Territory" id="{5168f833-0af4-ed11-8848-000d3a338f87}" />
      </MissingDependency>
      <MissingDependency>
        <Required type="2" schemaName="name" displayName="Territory Name" parentSchemaName="territory" parentDisplayName="Territory" solution="msdynce_AppCommon (9.0.4.0066)">
          <package>msdynce_AppCommonAnchor (9.0.23064.10002)</package>
        </Required>
        <Dependent type="26" schemaName="Territories - (With Opportunities in Accounts)" displayName="Territories - (With Opportunities in Accounts)" parentSchemaName="territory" parentDisplayName="Territory" id="{5168f833-0af4-ed11-8848-000d3a338f87}" />
      </MissingDependency>
      <MissingDependency>
        <Required type="2" schemaName="parentterritoryid" displayName="Parent" parentSchemaName="territory" parentDisplayName="Territory" solution="msdynce_AppCommonPatch201904 (9.0.23064.10002)">
          <package>msdynce_AppCommonAnchor (9.0.23064.10002)</package>
        </Required>
        <Dependent type="26" schemaName="Territories - (With Opportunities in Accounts)" displayName="Territories - (With Opportunities in Accounts)" parentSchemaName="territory" parentDisplayName="Territory" id="{5168f833-0af4-ed11-8848-000d3a338f87}" />
      </MissingDependency>
      <MissingDependency>
        <Required type="2" schemaName="territoryid" displayName="Territory" parentSchemaName="territory" parentDisplayName="Territory" solution="msdynce_AppCommon (9.0.4.0066)">
          <package>msdynce_AppCommonAnchor (9.0.23064.10002)</package>
        </Required>
        <Dependent type="26" schemaName="Territories - (With Opportunities in Accounts)" displayName="Territories - (With Opportunities in Accounts)" parentSchemaName="territory" parentDisplayName="Territory" id="{5168f833-0af4-ed11-8848-000d3a338f87}" />
      </MissingDependency>
      <MissingDependency>
        <Required type="26" schemaName="My Open Opportunities" displayName="My Open Opportunities" parentSchemaName="opportunity" parentDisplayName="Opportunity" solution="msdynce_Sales (9.0.4.0076)" id="{00000000-0000-0000-00aa-000010003000}">
          <package>msdynce_SalesAnchor (9.0.23064.10028)</package>
        </Required>
        <Dependent type="60" displayName="Account - Contoso Sales Analytics" parentDisplayName="Account" id="{382017ba-5a31-ee11-bdf3-000d3a31b3df}" />
      </MissingDependency>
      <MissingDependency>
        <Required type="26" schemaName="Opportunity Product Inline Edit View" displayName="Opportunity Product Inline Edit View" parentSchemaName="opportunityproduct" parentDisplayName="Opportunity Product" solution="msdynce_Sales (9.0.4.0076)" id="{01010de7-749e-4fe6-8037-aca560a4fcbe}">
          <package>msdynce_SalesAnchor (9.0.23064.10028)</package>
        </Required>
        <Dependent type="60" displayName="Opportunities - Sales Analytics Data Entry" parentDisplayName="Opportunity" id="{7666f7ce-cddf-ed11-a7c7-000d3a338f87}" />
      </MissingDependency>
      <MissingDependency>
        <Required type="26" schemaName="Recent Opportunities" displayName="Recent Opportunities" parentSchemaName="opportunity" parentDisplayName="Opportunity" solution="msdynce_Sales (9.0.4.0076)" id="{9c3f7ee8-eca7-e211-9fb6-00155dd0ea05}">
          <package>msdynce_SalesAnchor (9.0.23064.10028)</package>
        </Required>
        <Dependent type="60" displayName="Account - Contoso Sales Analytics" parentDisplayName="Account" id="{382017ba-5a31-ee11-bdf3-000d3a31b3df}" />
      </MissingDependency>
      <MissingDependency>
        <Required type="59" schemaName="Top Customers" displayName="Top Customers" parentSchemaName="opportunity" parentDisplayName="Opportunity" solution="msdynce_Sales (9.0.4.0076)" id="{8bc5fb18-48f2-4782-9e16-3d452fa4ddce}">
          <package>msdynce_SalesAnchor (9.0.23064.10028)</package>
        </Required>
        <Dependent type="60" displayName="Account - Contoso Sales Analytics" parentDisplayName="Account" id="{382017ba-5a31-ee11-bdf3-000d3a31b3df}" />
      </MissingDependency>
      <MissingDependency>
        <Required type="60" displayName="Account Reference Panel" parentDisplayName="Account" solution="msdynce_AppCommon (9.0.4.0066)" id="{098ae145-1567-41ec-8398-86dbaac70c9b}">
          <package>msdynce_AppCommonAnchor (9.0.23064.10002)</package>
        </Required>
        <Dependent type="80" schemaName="pbi_ContosoAnalytics" displayName="Contoso Analytics" />
      </MissingDependency>
      <MissingDependency>
        <Required type="60" displayName="Social Profiles" parentDisplayName="Account" solution="msdynce_AppCommon (9.0.4.0066)" id="{2205c86d-ed88-4a2f-a447-3b86a8781f2e}">
          <package>msdynce_AppCommonAnchor (9.0.23064.10002)</package>
        </Required>
        <Dependent type="80" schemaName="pbi_ContosoAnalytics" displayName="Contoso Analytics" />
      </MissingDependency>
      <MissingDependency>
        <Required type="60" displayName="account contact card" parentDisplayName="Contact" solution="msdynce_AppCommon (9.0.4.0066)" id="{29de27bc-a257-4f29-99cf-bab4a84e688f}">
          <package>msdynce_AppCommonAnchor (9.0.23064.10002)</package>
        </Required>
        <Dependent type="60" displayName="Account - Contoso Sales Analytics" parentDisplayName="Account" id="{382017ba-5a31-ee11-bdf3-000d3a31b3df}" />
      </MissingDependency>
      <MissingDependency>
        <Required type="60" displayName="Connected Customer Service Dashboard" solution="msdyn_ConnectedCustomerService (9.0.20115.1027)" id="{351c4635-47a7-e911-8199-000d3af92e18}">
          <package>msdynce_ServiceAnchor (9.0.23064.1018)</package>
        </Required>
        <Dependent type="80" schemaName="pbi_ContosoAnalytics" displayName="Contoso Analytics" />
      </MissingDependency>
      <MissingDependency>
        <Required type="60" displayName="Recent Cases and Entitlements" parentDisplayName="Account" solution="msdynce_Service (9.0.5.56)" id="{43300723-f867-420b-ab28-976a4d12e6c4}">
          <package>msdynce_ServiceAnchor (9.0.23064.1018)</package>
        </Required>
        <Dependent type="80" schemaName="pbi_ContosoAnalytics" displayName="Contoso Analytics" />
      </MissingDependency>
      <MissingDependency>
        <Required type="60" displayName="Cases For Customer" parentDisplayName="Account" solution="OmnichannelPrime (1.5.0.1573)" id="{48028ae0-bf87-48c9-adf6-3dc9f29d7661}">
          <package>OmnichannelPrimeAnchor (1.5.16.8153)</package>
        </Required>
        <Dependent type="80" schemaName="pbi_ContosoAnalytics" displayName="Contoso Analytics" />
      </MissingDependency>
      <MissingDependency>
        <Required type="60" displayName="Customer profile cases" parentDisplayName="Account" solution="OmnichannelPrime (1.5.0.1573)" id="{67e6801d-f669-ed11-9561-000d3a36d4e2}">
          <package>OmnichannelPrimeAnchor (1.5.16.8153)</package>
        </Required>
        <Dependent type="80" schemaName="pbi_ContosoAnalytics" displayName="Contoso Analytics" />
      </MissingDependency>
      <MissingDependency>
        <Required type="60" displayName="Account Hierarchy Tile Form" parentDisplayName="Account" solution="msdynce_AppCommon (9.0.4.0066)" id="{69cff312-cfb6-4289-9631-249ab85d2c62}">
          <package>msdynce_AppCommonAnchor (9.0.23064.10002)</package>
        </Required>
        <Dependent type="80" schemaName="pbi_ContosoAnalytics" displayName="Contoso Analytics" />
      </MissingDependency>
      <MissingDependency>
        <Required type="60" displayName="TimelineWallControl - Account- Main" parentDisplayName="Account" solution="OmnichannelBase (1.6.0.6046)" id="{6df8e8ce-7655-468c-925e-660d59aa7f4c}">
          <package>UnifiedRoutingPrimeAnchor (1.5.16.6615)</package>
        </Required>
        <Dependent type="80" schemaName="pbi_ContosoAnalytics" displayName="Contoso Analytics" />
      </MissingDependency>
      <MissingDependency>
        <Required type="60" displayName="App for Outlook Account Quick View" parentDisplayName="Account" solution="AppforOutlookPatch (1.2.393)" id="{76b81f10-2a08-4f1a-9454-ee38bea94eb5}" />
        <Dependent type="80" schemaName="pbi_ContosoAnalytics" displayName="Contoso Analytics" />
      </MissingDependency>
      <MissingDependency>
        <Required type="60" displayName="Account" parentDisplayName="Account" solution="msdynce_AppCommon (9.0.4.0066)" id="{8448b78f-8f42-454e-8e2a-f8196b0419af}">
          <package>msdynce_AppCommonAnchor (9.0.23064.10002)</package>
        </Required>
        <Dependent type="80" schemaName="pbi_ContosoAnalytics" displayName="Contoso Analytics" />
      </MissingDependency>
      <MissingDependency>
        <Required type="60" displayName="Account form for Conversation Customer Card" parentDisplayName="Account" solution="OmnichannelPrime (1.5.0.1573)" id="{944bd820-76a0-ed11-aad1-6045bd00698c}">
          <package>OmnichannelPrimeAnchor (1.5.16.8153)</package>
        </Required>
        <Dependent type="80" schemaName="pbi_ContosoAnalytics" displayName="Contoso Analytics" />
      </MissingDependency>
      <MissingDependency>
        <Required type="60" displayName="Account for Interactive experience" parentDisplayName="Account" solution="msdynce_AppCommon (9.0.4.0066)" id="{a72c7955-442b-4ea4-9499-b10cd18b4256}">
          <package>msdynce_AppCommonAnchor (9.0.23064.10002)</package>
        </Required>
        <Dependent type="80" schemaName="pbi_ContosoAnalytics" displayName="Contoso Analytics" />
      </MissingDependency>
      <MissingDependency>
        <Required type="60" displayName="account card" parentDisplayName="Account" solution="msdynce_AppCommon (9.0.4.0066)" id="{b028db32-3619-48a5-ac51-cf3f947b0ef3}">
          <package>msdynce_AppCommonAnchor (9.0.23064.10002)</package>
        </Required>
        <Dependent type="80" schemaName="pbi_ContosoAnalytics" displayName="Contoso Analytics" />
      </MissingDependency>
      <MissingDependency>
        <Required type="60" displayName="Information" parentDisplayName="Account" solution="msdynce_AppCommon (9.0.4.0066)" id="{b053a39a-041a-4356-acef-ddf00182762b}">
          <package>msdynce_AppCommonAnchor (9.0.23064.10002)</package>
        </Required>
        <Dependent type="80" schemaName="pbi_ContosoAnalytics" displayName="Contoso Analytics" />
      </MissingDependency>
      <MissingDependency>
        <Required type="60" displayName="Account Quick Create" parentDisplayName="Account" solution="msdynce_AppCommon (9.0.4.0066)" id="{c9e7ec2d-efca-4e4c-b3e3-f63c4bba5e4b}">
          <package>msdynce_AppCommonAnchor (9.0.23064.10002)</package>
        </Required>
        <Dependent type="80" schemaName="pbi_ContosoAnalytics" displayName="Contoso Analytics" />
      </MissingDependency>
      <MissingDependency>
        <Required type="60" displayName="Sales Insights" parentDisplayName="Account" solution="SICommon (9.0.2.4002)" id="{cb430327-bcc1-416d-959d-db7592e685af}">
          <package>msdynce_SalesInsightsAnchor (9.0.23064.10012)</package>
        </Required>
        <Dependent type="80" schemaName="pbi_ContosoAnalytics" displayName="Contoso Analytics" />
      </MissingDependency>
      <MissingDependency>
        <Required type="60" displayName="Sales Dashboard" solution="msdynce_Sales (9.0.4.0076)" id="{d1f511a8-1ead-e211-bb72-00155da9a201}">
          <package>msdynce_SalesAnchor (9.0.23064.10028)</package>
        </Required>
        <Dependent type="80" schemaName="pbi_ContosoAnalytics" displayName="Contoso Analytics" />
      </MissingDependency>
      <MissingDependency>
        <Required type="60" displayName="Customer profile" parentDisplayName="Account" solution="OmnichannelBase (1.6.0.6046)" id="{e9a9c8a9-e94d-47a9-a6c3-ec37ddb83b99}">
          <package>UnifiedRoutingPrimeAnchor (1.5.16.6615)</package>
        </Required>
        <Dependent type="80" schemaName="pbi_ContosoAnalytics" displayName="Contoso Analytics" />
      </MissingDependency>
      <MissingDependency>
        <Required type="60" displayName="Dashboards" solution="Active" id="{f33b884e-321f-ee11-9cbd-000d3a5a9357}" />
        <Dependent type="80" schemaName="pbi_ContosoAnalytics" displayName="Contoso Analytics" />
      </MissingDependency>
      <MissingDependency>
        <Required type="60" displayName="Account form for Customer Card" parentDisplayName="Account" solution="msdyn_ModernCaseManagement (9.0.23064.1014)" id="{f5f9a07e-0f28-ed11-9db1-000d3a8d107a}">
          <package>msdyn_ServiceExtendedAnchor (9.0.23064.1014)</package>
        </Required>
        <Dependent type="80" schemaName="pbi_ContosoAnalytics" displayName="Contoso Analytics" />
      </MissingDependency>
      <MissingDependency>
        <Required type="60" displayName="In Context Form" parentDisplayName="Account" solution="msdynce_DealManager (9.0.230602.33)" id="{face3aa6-99c4-4b7e-af07-55f121cdca86}">
          <package>msdynce_SalesInsightsAnchor (9.0.23064.10012)</package>
        </Required>
        <Dependent type="80" schemaName="pbi_ContosoAnalytics" displayName="Contoso Analytics" />
      </MissingDependency>
      <MissingDependency>
        <Required type="60" displayName="App for Outlook Account Card" parentDisplayName="Account" solution="AppforOutlookPatch (1.2.393)" id="{fb65cc73-181c-468b-9bb3-82ecde306991}" />
        <Dependent type="80" schemaName="pbi_ContosoAnalytics" displayName="Contoso Analytics" />
      </MissingDependency>
      <MissingDependency>
        <Required type="60" displayName="Account for Multisession experience" parentDisplayName="Account" solution="msdynce_ServicePatch201911 (9.0.23064.1018)" id="{ff49442f-8c60-4877-bdae-8fe51e6f4636}">
          <package>msdynce_ServiceAnchor (9.0.23064.1018)</package>
        </Required>
        <Dependent type="80" schemaName="pbi_ContosoAnalytics" displayName="Contoso Analytics" />
      </MissingDependency>
      <MissingDependency>
        <Required type="61" schemaName="msdyn_/Account/AssetCommon.Account.Library.js" displayName="msdyn_/Account/AssetCommon.Account.Library.js" solution="msdyn_AssetCommon (1.0.26.9)">
          <package>msdynce_ServiceAnchor (9.0.23064.1018)</package>
        </Required>
        <Dependent type="60" displayName="Account - Contoso Sales Analytics" parentDisplayName="Account" id="{382017ba-5a31-ee11-bdf3-000d3a31b3df}" />
      </MissingDependency>
      <MissingDependency>
        <Required type="61" schemaName="msdyn_/ActivityFeeds.Form.js" displayName="msdyn_/ActivityFeeds.Form.js" solution="ActivityFeedsCore (9.0.0.0009)" />
        <Dependent type="60" displayName="Opportunities - Sales Analytics Data Entry" parentDisplayName="Opportunity" id="{7666f7ce-cddf-ed11-a7c7-000d3a338f87}" />
      </MissingDependency>
      <MissingDependency>
        <Required type="61" schemaName="msdyn_/Images/AppModule_Default_Icon.png" displayName="msdyn_/Images/AppModule_Default_Icon.png" solution="AppModuleWebResources (2.5)" />
        <Dependent type="80" schemaName="pbi_ContosoAnalytics" displayName="Contoso Analytics" />
      </MissingDependency>
      <MissingDependency>
        <Required type="61" schemaName="msdyn_capacityprofileSubgridActions.js" displayName="msdyn_capacityprofileSubgridActions.js" solution="OCBaseURBase (1.0.0.3967)">
          <package>UnifiedRoutingPrimeAnchor (1.5.16.6615)</package>
        </Required>
        <Dependent type="60" displayName="Sales User - Contoso Sales Analytics" parentDisplayName="User" id="{3d09e49f-5c31-ee11-bdf3-000d3a31b3df}" />
      </MissingDependency>
      <MissingDependency>
        <Required type="61" schemaName="msdyn_SalesOmniChannel/SalesPhoneNumber.Library.js" displayName="msdyn_SalesOmniChannel/SalesPhoneNumber.Library.js" solution="msdyn_SalesOmniChannel (9.1.23055.10009)">
          <package>msdyn_AcceleratedSalesAnchor (9.1.23055.10009)</package>
        </Required>
        <Dependent type="60" displayName="Account - Contoso Sales Analytics" parentDisplayName="Account" id="{382017ba-5a31-ee11-bdf3-000d3a31b3df}" />
      </MissingDependency>
      <MissingDependency>
        <Required type="61" schemaName="msdyn_userSettings.js" displayName="msdyn_userSettings.js" solution="OmnichannelBase (1.6.0.6046)">
          <package>UnifiedRoutingPrimeAnchor (1.5.16.6615)</package>
        </Required>
        <Dependent type="60" displayName="Sales User - Contoso Sales Analytics" parentDisplayName="User" id="{3d09e49f-5c31-ee11-bdf3-000d3a31b3df}" />
      </MissingDependency>
      <MissingDependency>
        <Required type="66" schemaName="MscrmControls.CardFeedContainer.CardFeedContainer" displayName="MscrmControls.CardFeedContainer.CardFeedContainer" solution="BaseCustomControlsCore (9.0.2306.4019)" />
        <Dependent type="60" displayName="Account - Contoso Sales Analytics" parentDisplayName="Account" id="{382017ba-5a31-ee11-bdf3-000d3a31b3df}" />
      </MissingDependency>
      <MissingDependency>
        <Required type="66" schemaName="MscrmControls.PowerBIPCFControl" displayName="MscrmControls.PowerBIPCFControl" solution="BaseCustomControlsCore (9.0.2306.4019)" />
        <Dependent type="60" displayName="Account - Contoso Sales Analytics" parentDisplayName="Account" id="{382017ba-5a31-ee11-bdf3-000d3a31b3df}" />
      </MissingDependency>
      <MissingDependency>
        <Required type="66" schemaName="MscrmControls.PowerBIPCFControl" displayName="MscrmControls.PowerBIPCFControl" solution="BaseCustomControlsCore (9.0.2306.4019)" />
        <Dependent type="60" displayName="Sales User - Contoso Sales Analytics" parentDisplayName="User" id="{3d09e49f-5c31-ee11-bdf3-000d3a31b3df}" />
      </MissingDependency>
    </MissingDependencies>
  </SolutionManifest>
</ImportExportXml>