<powerbireport uniquename="pbi_2712141e2fe54c0f84e4c6ac9c5ba534">
  <datasetid>
    <uniquename>new_dataset_d252ad6f-0e41-42a5-9edf-2c504e03909d</uniquename>
  </datasetid>
  <iscustomizable>1</iscustomizable>
  <name>Dynamics 365 Sales Demo - Excel</name>
  <package mimetype="application/zip">package.pbipkg</package>
  <reportobjectid>5f77784c-13a7-4926-9fd2-70e09afdef9a</reportobjectid>
  <reportoriginalobjectid>0a0df37a-fbd5-45e7-adc9-40696f4454b1</reportoriginalobjectid>
  <statecode>0</statecode>
  <statuscode>1</statuscode>
</powerbireport>