<ImportExportXml xmlns:xsi="http://www.w3.org/2001/XMLSchema-instance">
  <Entities></Entities>
  <Roles></Roles>
  <Workflows></Workflows>
  <FieldSecurityProfiles></FieldSecurityProfiles>
  <Templates />
  <EntityMaps />
  <EntityRelationships />
  <OrganizationSettings />
  <optionsets />
  <Dashboards>
    <Dashboard>
      <LocalizedNames>
        <LocalizedName description="Sales Analytics" languagecode="1033" />
      </LocalizedNames>
      <FormId>{0ce6e698-a41a-ee11-8f6d-00224809840c}</FormId>
      <IsCustomizable>1</IsCustomizable>
      <IsDefault>0</IsDefault>
      <FormXml>
        <forms type="powerbi">
          <form>
            <tabs>
              <tab showlabel="false" verticallayout="true" id="{12ed5dab-c567-424c-930a-4ace0610edb5}">
                <labels>
                  <label description="" languagecode="1033" />
                </labels>
                <columns>
                  <column width="100%">
                    <sections>
                      <section showlabel="false" showbar="false" columns="111" id="{b04072ba-7670-4134-800a-5d5d129ed41f}">
                        <labels>
                          <label description="" languagecode="1033" />
                        </labels>
                        <rows>
                          <row>
                            <cell colspan="3" rowspan="24" showlabel="false" id="{a00a3ce9-0beb-46fd-9533-7dc044c78fdb}" availableforphone="false">
                              <labels>
                                <label description="" languagecode="1033" />
                              </labels>
                              <control id="3b0a19e0-9972-4f7a-a674-42a7b5ae0568" classid="{F9A8A302-114E-466A-B582-6771B2AE0D92}" uniqueid="{8b6efe2e-9cd1-4d91-baac-6475e67f040d}"></control>
                            </cell>
                          </row>
                        </rows>
                      </section>
                    </sections>
                  </column>
                </columns>
              </tab>
            </tabs>
            <controlDescriptions>
              <controlDescription forControl="{8b6efe2e-9cd1-4d91-baac-6475e67f040d}">
                <customControl formFactor="0" name="MscrmControls.PowerBIPCFControl">
                  <parameters>
                    <PowerBIReport type="PowerBI.Report" static="true">pbi_2712141e2fe54c0f84e4c6ac9c5ba534</PowerBIReport>
                  </parameters>
                </customControl>
                <customControl formFactor="1" name="MscrmControls.PowerBIPCFControl">
                  <parameters>
                    <PowerBIReport type="PowerBI.Report" static="true">pbi_2712141e2fe54c0f84e4c6ac9c5ba534</PowerBIReport>
                  </parameters>
                </customControl>
                <customControl formFactor="2" name="MscrmControls.PowerBIPCFControl">
                  <parameters>
                    <PowerBIReport type="PowerBI.Report" static="true">pbi_2712141e2fe54c0f84e4c6ac9c5ba534</PowerBIReport>
                  </parameters>
                </customControl>
              </controlDescription>
            </controlDescriptions>
          </form>
        </forms>
      </FormXml>
      <IntroducedVersion>1.0.0.0</IntroducedVersion>
      <IsTabletEnabled>0</IsTabletEnabled>
    </Dashboard>
  </Dashboards>
  <CustomControls />
  <EntityDataProviders />
  <Languages>
    <Language>1033</Language>
  </Languages>
</ImportExportXml>