<powerbidataset uniquename="new_dataset_d252ad6f-0e41-42a5-9edf-2c504e03909d">
  <datasetobjectid>c8c1b8d1-9a08-4880-9c42-ce4b5a86a9d7</datasetobjectid>
  <datasetoriginalobjectid>fbdf4f68-b3fa-4eaa-be44-23ea77ceae6f</datasetoriginalobjectid>
  <dataverseconnectionupdateenabled>1</dataverseconnectionupdateenabled>
  <importpowerbicomponentsequencenumber>638429383719096120</importpowerbicomponentsequencenumber>
  <iscustomizable>1</iscustomizable>
  <name>Dynamics 365 Sales Demo - Excel</name>
  <package mimetype="application/zip">package.pbipkg</package>
  <statecode>0</statecode>
  <statuscode>1</statuscode>
  <workspaceobjectid>23d899e0-a09a-426d-8f82-efbd17f77a2c</workspaceobjectid>
</powerbidataset>