<powerbireport uniquename="pbi_2a85b50dad2b4d699a72919c86179bb3">
  <datasetid>
    <uniquename>new_dataset_a5adac1f-830f-4c77-ac99-b599ef8cc0ac</uniquename>
  </datasetid>
  <importpowerbicomponentsequencenumber>638272145902165005</importpowerbicomponentsequencenumber>
  <iscustomizable>1</iscustomizable>
  <name>Dynamics 365 Sales TDS Demo - User Detail - Coffee</name>
  <package mimetype="application/zip">package.pbipkg</package>
  <reportobjectid>859b58ca-4011-4175-9662-e2049c0df92d</reportobjectid>
  <reportoriginalobjectid>d1dbe693-51c8-4ea9-b5eb-3e606ac541e5</reportoriginalobjectid>
  <statecode>0</statecode>
  <statuscode>1</statuscode>
  <workspaceobjectid>c7ea95d8-22db-45db-a7fa-85b7df9916fe</workspaceobjectid>
</powerbireport>