<powerbidataset uniquename="new_dataset_0c863448-7803-42b3-86b0-ec12678051ec">
  <datasetobjectid>3729e811-cc7e-49a3-988c-db298d6fe36b</datasetobjectid>
  <datasetoriginalobjectid>37b2d372-e354-4048-b6b5-13f5a6089163</datasetoriginalobjectid>
  <dataverseconnectionupdateenabled>0</dataverseconnectionupdateenabled>
  <importpowerbicomponentsequencenumber>638247784524263972</importpowerbicomponentsequencenumber>
  <iscustomizable>1</iscustomizable>
  <name>Dynamics 365 Sales Demo - Excel - Contoso</name>
  <package mimetype="application/zip">package.pbipkg</package>
  <statecode>0</statecode>
  <statuscode>1</statuscode>
  <workspaceobjectid>fee53ff0-ad9c-47e7-ae0c-31a42863cabc</workspaceobjectid>
</powerbidataset>