<powerbireport uniquename="pbi_2712141e2fe54c0f84e4c6ac9c5ba534">
  <datasetid>
    <uniquename>new_dataset_d252ad6f-0e41-42a5-9edf-2c504e03909d</uniquename>
  </datasetid>
  <etag>638429525430900000</etag>
  <importpowerbicomponentsequencenumber>638429383721752423</importpowerbicomponentsequencenumber>
  <iscustomizable>1</iscustomizable>
  <name>Dynamics 365 Sales Demo - Excel</name>
  <package mimetype="application/zip">package.pbipkg</package>
  <reportobjectid>5335b0d1-181b-431c-b181-cd349120df29</reportobjectid>
  <reportoriginalobjectid>0a0df37a-fbd5-45e7-adc9-40696f4454b1</reportoriginalobjectid>
  <statecode>0</statecode>
  <statuscode>1</statuscode>
  <workspaceobjectid>23d899e0-a09a-426d-8f82-efbd17f77a2c</workspaceobjectid>
</powerbireport>