<environmentvariabledefinition schemaname="pbi_PowerBISampleDataURL">
  <description default="Location of the Power BI Sample Data (Excel File)">
    <label description="Location of the Power BI Sample Data (Excel File)" languagecode="1033" />
  </description>
  <displayname default="PowerBISampleDataURL">
    <label description="PowerBISampleDataURL" languagecode="1033" />
  </displayname>
  <introducedversion>1.0.0.0</introducedversion>
  <iscustomizable>1</iscustomizable>
  <isrequired>0</isrequired>
  <secretstore>0</secretstore>
  <type>100000000</type>
</environmentvariabledefinition>