<powerbidataset uniquename="new_dataset_a5adac1f-830f-4c77-ac99-b599ef8cc0ac">
  <datasetobjectid>0a2aa55d-a741-4604-aa04-53872794c703</datasetobjectid>
  <datasetoriginalobjectid>9ff2caf8-07cb-4503-84b6-611318b0ddda</datasetoriginalobjectid>
  <dataverseconnectionupdateenabled>0</dataverseconnectionupdateenabled>
  <importpowerbicomponentsequencenumber>638272145894821087</importpowerbicomponentsequencenumber>
  <iscustomizable>1</iscustomizable>
  <name>Dynamics 365 Sales TDS Demo - Coffee</name>
  <package mimetype="application/zip">package.pbipkg</package>
  <statecode>0</statecode>
  <statuscode>1</statuscode>
  <workspaceobjectid>c7ea95d8-22db-45db-a7fa-85b7df9916fe</workspaceobjectid>
</powerbidataset>