<ImportExportXml version="9.2.23064.186" SolutionPackageVersion="9.2" languagecode="1033" generatedBy="CrmLive" xmlns:xsi="http://www.w3.org/2001/XMLSchema-instance">
  <SolutionManifest>
    <UniqueName>SalesAnalytics</UniqueName>
    <LocalizedNames>
      <LocalizedName description="Sales Analytics" languagecode="1033" />
    </LocalizedNames>
    <Descriptions />
    <Version>3.0.0.3</Version>
    <Managed>0</Managed>
    <Publisher>
      <UniqueName>PowerBI</UniqueName>
      <LocalizedNames>
        <LocalizedName description="Power BI" languagecode="1033" />
      </LocalizedNames>
      <Descriptions />
      <EMailAddress xsi:nil="true"></EMailAddress>
      <SupportingWebsiteUrl xsi:nil="true"></SupportingWebsiteUrl>
      <CustomizationPrefix>pbi</CustomizationPrefix>
      <CustomizationOptionValuePrefix>88999</CustomizationOptionValuePrefix>
      <Addresses>
        <Address>
          <AddressNumber>1</AddressNumber>
          <AddressTypeCode>1</AddressTypeCode>
          <City xsi:nil="true"></City>
          <County xsi:nil="true"></County>
          <Country xsi:nil="true"></Country>
          <Fax xsi:nil="true"></Fax>
          <FreightTermsCode xsi:nil="true"></FreightTermsCode>
          <ImportSequenceNumber xsi:nil="true"></ImportSequenceNumber>
          <Latitude xsi:nil="true"></Latitude>
          <Line1 xsi:nil="true"></Line1>
          <Line2 xsi:nil="true"></Line2>
          <Line3 xsi:nil="true"></Line3>
          <Longitude xsi:nil="true"></Longitude>
          <Name xsi:nil="true"></Name>
          <PostalCode xsi:nil="true"></PostalCode>
          <PostOfficeBox xsi:nil="true"></PostOfficeBox>
          <PrimaryContactName xsi:nil="true"></PrimaryContactName>
          <ShippingMethodCode>1</ShippingMethodCode>
          <StateOrProvince xsi:nil="true"></StateOrProvince>
          <Telephone1 xsi:nil="true"></Telephone1>
          <Telephone2 xsi:nil="true"></Telephone2>
          <Telephone3 xsi:nil="true"></Telephone3>
          <TimeZoneRuleVersionNumber xsi:nil="true"></TimeZoneRuleVersionNumber>
          <UPSZone xsi:nil="true"></UPSZone>
          <UTCOffset xsi:nil="true"></UTCOffset>
          <UTCConversionTimeZoneCode xsi:nil="true"></UTCConversionTimeZoneCode>
        </Address>
        <Address>
          <AddressNumber>2</AddressNumber>
          <AddressTypeCode>1</AddressTypeCode>
          <City xsi:nil="true"></City>
          <County xsi:nil="true"></County>
          <Country xsi:nil="true"></Country>
          <Fax xsi:nil="true"></Fax>
          <FreightTermsCode xsi:nil="true"></FreightTermsCode>
          <ImportSequenceNumber xsi:nil="true"></ImportSequenceNumber>
          <Latitude xsi:nil="true"></Latitude>
          <Line1 xsi:nil="true"></Line1>
          <Line2 xsi:nil="true"></Line2>
          <Line3 xsi:nil="true"></Line3>
          <Longitude xsi:nil="true"></Longitude>
          <Name xsi:nil="true"></Name>
          <PostalCode xsi:nil="true"></PostalCode>
          <PostOfficeBox xsi:nil="true"></PostOfficeBox>
          <PrimaryContactName xsi:nil="true"></PrimaryContactName>
          <ShippingMethodCode>1</ShippingMethodCode>
          <StateOrProvince xsi:nil="true"></StateOrProvince>
          <Telephone1 xsi:nil="true"></Telephone1>
          <Telephone2 xsi:nil="true"></Telephone2>
          <Telephone3 xsi:nil="true"></Telephone3>
          <TimeZoneRuleVersionNumber xsi:nil="true"></TimeZoneRuleVersionNumber>
          <UPSZone xsi:nil="true"></UPSZone>
          <UTCOffset xsi:nil="true"></UTCOffset>
          <UTCConversionTimeZoneCode xsi:nil="true"></UTCConversionTimeZoneCode>
        </Address>
      </Addresses>
    </Publisher>
    <RootComponents>
      <RootComponent type="1" schemaName="account" behavior="2" />
      <RootComponent type="1" schemaName="campaign" behavior="2" />
      <RootComponent type="1" schemaName="contact" behavior="2" />
      <RootComponent type="1" schemaName="opportunity" behavior="2" />
      <RootComponent type="1" schemaName="systemuser" behavior="2" />
      <RootComponent type="1" schemaName="territory" behavior="2" />
      <RootComponent type="20" id="{4468d18d-b9f5-ed11-8848-000d3a338f87}" behavior="0" />
      <RootComponent type="60" id="{b86b8b3e-5d31-ee11-bdf3-000d3a31b3df}" behavior="0" />
      <RootComponent type="61" schemaName="pbi_fabric64.png" behavior="0" />
      <RootComponent type="62" schemaName="pbi_Dynamics365SalesAnalytics" behavior="0" />
      <RootComponent type="80" schemaName="pbi_Dynamics365SalesAnalytics" behavior="0" />
    </RootComponents>
    <MissingDependencies>
      <MissingDependency>
        <Required type="1" schemaName="campaign" displayName="Campaign" solution="msdynce_Marketing (9.0.4.37)" />
        <Dependent type="1" schemaName="campaign" displayName="Campaign" />
      </MissingDependency>
      <MissingDependency>
        <Required type="1" schemaName="campaign" displayName="Campaign" solution="msdynce_Marketing (9.0.4.37)" />
        <Dependent type="26" schemaName="Campaigns - (With Opportunities as Source Campaign)" displayName="Campaigns - (With Opportunities as Source Campaign)" parentSchemaName="campaign" parentDisplayName="Campaign" id="{1516a9e3-bddf-ed11-a7c7-000d3a338f87}" />
      </MissingDependency>
      <MissingDependency>
        <Required type="1" schemaName="campaign" displayName="Campaign" solution="msdynce_Marketing (9.0.4.37)" />
        <Dependent type="62" schemaName="pbi_Dynamics365SalesAnalytics" />
      </MissingDependency>
      <MissingDependency>
        <Required type="1" schemaName="campaign" displayName="Campaign" solution="msdynce_Marketing (9.0.4.37)" />
        <Dependent type="80" schemaName="pbi_Dynamics365SalesAnalytics" displayName="Dynamics 365 Sales Analytics" />
      </MissingDependency>
      <MissingDependency>
        <Required type="1" schemaName="opportunity" displayName="Opportunity" solution="msdynce_Sales (9.0.4.0076)">
          <package>msdynce_SalesAnchor (9.0.23092.15004)</package>
        </Required>
        <Dependent type="1" schemaName="opportunity" displayName="Opportunity" />
      </MissingDependency>
      <MissingDependency>
        <Required type="1" schemaName="opportunity" displayName="Opportunity" solution="msdynce_Sales (9.0.4.0076)">
          <package>msdynce_SalesAnchor (9.0.23092.15004)</package>
        </Required>
        <Dependent type="26" schemaName="Campaigns - (With Opportunities as Source Campaign)" displayName="Campaigns - (With Opportunities as Source Campaign)" parentSchemaName="campaign" parentDisplayName="Campaign" id="{1516a9e3-bddf-ed11-a7c7-000d3a338f87}" />
      </MissingDependency>
      <MissingDependency>
        <Required type="1" schemaName="opportunity" displayName="Opportunity" solution="msdynce_Sales (9.0.4.0076)">
          <package>msdynce_SalesAnchor (9.0.23092.15004)</package>
        </Required>
        <Dependent type="26" schemaName="Contacts - (With Opportunities as Potential Customer)" displayName="Contacts - (With Opportunities as Potential Customer)" parentSchemaName="contact" parentDisplayName="Contact" id="{4c16b74e-aedf-ed11-a7c7-000d3a338f87}" />
      </MissingDependency>
      <MissingDependency>
        <Required type="1" schemaName="opportunity" displayName="Opportunity" solution="msdynce_Sales (9.0.4.0076)">
          <package>msdynce_SalesAnchor (9.0.23092.15004)</package>
        </Required>
        <Dependent type="26" schemaName="Territories - (With Opportunities in Accounts)" displayName="Territories - (With Opportunities in Accounts)" parentSchemaName="territory" parentDisplayName="Territory" id="{5168f833-0af4-ed11-8848-000d3a338f87}" />
      </MissingDependency>
      <MissingDependency>
        <Required type="1" schemaName="opportunity" displayName="Opportunity" solution="msdynce_Sales (9.0.4.0076)">
          <package>msdynce_SalesAnchor (9.0.23092.15004)</package>
        </Required>
        <Dependent type="26" schemaName="Accounts - (With Opportunities as Potential Customer)" displayName="Accounts - (With Opportunities as Potential Customer)" parentSchemaName="account" parentDisplayName="Account" id="{59df3110-afdf-ed11-a7c7-000d3a338f87}" />
      </MissingDependency>
      <MissingDependency>
        <Required type="1" schemaName="opportunity" displayName="Opportunity" solution="msdynce_Sales (9.0.4.0076)">
          <package>msdynce_SalesAnchor (9.0.23092.15004)</package>
        </Required>
        <Dependent type="26" schemaName="Sales Users - (With Opportunities as Owner)" displayName="Sales Users - (With Opportunities as Owner)" parentSchemaName="systemuser" parentDisplayName="User" id="{6783f5ca-addf-ed11-a7c7-000d3a338f87}" />
      </MissingDependency>
      <MissingDependency>
        <Required type="1" schemaName="opportunity" displayName="Opportunity" solution="msdynce_Sales (9.0.4.0076)">
          <package>msdynce_SalesAnchor (9.0.23092.15004)</package>
        </Required>
        <Dependent type="26" schemaName="Opportunities for Sales Analytics" displayName="Opportunities for Sales Analytics" parentSchemaName="opportunity" parentDisplayName="Opportunity" id="{8bb7a68d-cddf-ed11-a7c7-000d3a338f87}" />
      </MissingDependency>
      <MissingDependency>
        <Required type="1" schemaName="opportunity" displayName="Opportunity" solution="msdynce_Sales (9.0.4.0076)">
          <package>msdynce_SalesAnchor (9.0.23092.15004)</package>
        </Required>
        <Dependent type="60" displayName="Account - Contoso Sales Analytics" parentDisplayName="Account" id="{382017ba-5a31-ee11-bdf3-000d3a31b3df}" />
      </MissingDependency>
      <MissingDependency>
        <Required type="1" schemaName="opportunity" displayName="Opportunity" solution="msdynce_Sales (9.0.4.0076)">
          <package>msdynce_SalesAnchor (9.0.23092.15004)</package>
        </Required>
        <Dependent type="60" displayName="Opportunities - Sales Analytics Data Entry" parentDisplayName="Opportunity" id="{7666f7ce-cddf-ed11-a7c7-000d3a338f87}" />
      </MissingDependency>
      <MissingDependency>
        <Required type="1" schemaName="opportunity" displayName="Opportunity" solution="msdynce_Sales (9.0.4.0076)">
          <package>msdynce_SalesAnchor (9.0.23092.15004)</package>
        </Required>
        <Dependent type="62" schemaName="pbi_Dynamics365SalesAnalytics" />
      </MissingDependency>
      <MissingDependency>
        <Required type="1" schemaName="opportunity" displayName="Opportunity" solution="msdynce_Sales (9.0.4.0076)">
          <package>msdynce_SalesAnchor (9.0.23092.15004)</package>
        </Required>
        <Dependent type="80" schemaName="pbi_Dynamics365SalesAnalytics" displayName="Dynamics 365 Sales Analytics" />
      </MissingDependency>
      <MissingDependency>
        <Required type="1" schemaName="opportunityproduct" displayName="Opportunity Line" solution="msdynce_Sales (9.0.4.0076)">
          <package>msdynce_SalesAnchor (9.0.23092.15004)</package>
        </Required>
        <Dependent type="60" displayName="Opportunities - Sales Analytics Data Entry" parentDisplayName="Opportunity" id="{7666f7ce-cddf-ed11-a7c7-000d3a338f87}" />
      </MissingDependency>
      <MissingDependency>
        <Required type="1" schemaName="territory" displayName="Territory" solution="msdynce_AppCommon (9.0.4.0066)" />
        <Dependent type="1" schemaName="territory" displayName="Territory" />
      </MissingDependency>
      <MissingDependency>
        <Required type="1" schemaName="territory" displayName="Territory" solution="msdynce_AppCommon (9.0.4.0066)" />
        <Dependent type="26" schemaName="Territories - (With Opportunities in Accounts)" displayName="Territories - (With Opportunities in Accounts)" parentSchemaName="territory" parentDisplayName="Territory" id="{5168f833-0af4-ed11-8848-000d3a338f87}" />
      </MissingDependency>
      <MissingDependency>
        <Required type="1" schemaName="territory" displayName="Territory" solution="msdynce_AppCommon (9.0.4.0066)" />
        <Dependent type="62" schemaName="pbi_Dynamics365SalesAnalytics" />
      </MissingDependency>
      <MissingDependency>
        <Required type="1" schemaName="territory" displayName="Territory" solution="msdynce_AppCommon (9.0.4.0066)" />
        <Dependent type="80" schemaName="pbi_Dynamics365SalesAnalytics" displayName="Dynamics 365 Sales Analytics" />
      </MissingDependency>
      <MissingDependency>
        <Required type="2" schemaName="opendeals" displayName="Open Deals" parentSchemaName="account" parentDisplayName="Account" solution="msdynce_Sales (9.0.4.0076)">
          <package>msdynce_SalesAnchor (9.0.23092.15004)</package>
        </Required>
        <Dependent type="26" schemaName="Accounts - (With Opportunities as Potential Customer)" displayName="Accounts - (With Opportunities as Potential Customer)" parentSchemaName="account" parentDisplayName="Account" id="{59df3110-afdf-ed11-a7c7-000d3a338f87}" />
      </MissingDependency>
      <MissingDependency>
        <Required type="2" schemaName="openrevenue" displayName="Open Revenue" parentSchemaName="account" parentDisplayName="Account" solution="msdynce_Sales (9.0.4.0076)">
          <package>msdynce_SalesAnchor (9.0.23092.15004)</package>
        </Required>
        <Dependent type="26" schemaName="Accounts - (With Opportunities as Potential Customer)" displayName="Accounts - (With Opportunities as Potential Customer)" parentSchemaName="account" parentDisplayName="Account" id="{59df3110-afdf-ed11-a7c7-000d3a338f87}" />
      </MissingDependency>
      <MissingDependency>
        <Required type="2" schemaName="originatingleadid" displayName="Originating Lead" parentSchemaName="account" parentDisplayName="Account" solution="msdynce_LeadManagement (9.0.4.0066)" />
        <Dependent type="60" displayName="Account - Contoso Sales Analytics" parentDisplayName="Account" id="{382017ba-5a31-ee11-bdf3-000d3a31b3df}" />
      </MissingDependency>
      <MissingDependency>
        <Required type="2" schemaName="territoryid" displayName="Territory" parentSchemaName="account" parentDisplayName="Account" solution="msdynce_Sales (9.0.4.0076)">
          <package>msdynce_SalesAnchor (9.0.23092.15004)</package>
        </Required>
        <Dependent type="2" schemaName="territoryid" displayName="Territory" parentSchemaName="account" parentDisplayName="Account" />
      </MissingDependency>
      <MissingDependency>
        <Required type="2" schemaName="campaignid" displayName="Campaign" parentSchemaName="campaign" parentDisplayName="Campaign" solution="msdynce_Marketing (9.0.4.37)" />
        <Dependent type="26" schemaName="Campaigns - (With Opportunities as Source Campaign)" displayName="Campaigns - (With Opportunities as Source Campaign)" parentSchemaName="campaign" parentDisplayName="Campaign" id="{1516a9e3-bddf-ed11-a7c7-000d3a338f87}" />
      </MissingDependency>
      <MissingDependency>
        <Required type="2" schemaName="name" displayName="Name" parentSchemaName="campaign" parentDisplayName="Campaign" solution="msdynce_Marketing (9.0.4.37)" />
        <Dependent type="26" schemaName="Campaigns - (With Opportunities as Source Campaign)" displayName="Campaigns - (With Opportunities as Source Campaign)" parentSchemaName="campaign" parentDisplayName="Campaign" id="{1516a9e3-bddf-ed11-a7c7-000d3a338f87}" />
      </MissingDependency>
      <MissingDependency>
        <Required type="2" schemaName="ownerid" displayName="Owner" parentSchemaName="campaign" parentDisplayName="Campaign" solution="msdynce_Marketing (9.0.4.37)" />
        <Dependent type="26" schemaName="Campaigns - (With Opportunities as Source Campaign)" displayName="Campaigns - (With Opportunities as Source Campaign)" parentSchemaName="campaign" parentDisplayName="Campaign" id="{1516a9e3-bddf-ed11-a7c7-000d3a338f87}" />
      </MissingDependency>
      <MissingDependency>
        <Required type="2" schemaName="proposedend" displayName="Proposed End Date" parentSchemaName="campaign" parentDisplayName="Campaign" solution="msdynce_Marketing (9.0.4.37)" />
        <Dependent type="26" schemaName="Campaigns - (With Opportunities as Source Campaign)" displayName="Campaigns - (With Opportunities as Source Campaign)" parentSchemaName="campaign" parentDisplayName="Campaign" id="{1516a9e3-bddf-ed11-a7c7-000d3a338f87}" />
      </MissingDependency>
      <MissingDependency>
        <Required type="2" schemaName="proposedstart" displayName="Proposed Start Date" parentSchemaName="campaign" parentDisplayName="Campaign" solution="msdynce_Marketing (9.0.4.37)" />
        <Dependent type="26" schemaName="Campaigns - (With Opportunities as Source Campaign)" displayName="Campaigns - (With Opportunities as Source Campaign)" parentSchemaName="campaign" parentDisplayName="Campaign" id="{1516a9e3-bddf-ed11-a7c7-000d3a338f87}" />
      </MissingDependency>
      <MissingDependency>
        <Required type="2" schemaName="typecode" displayName="Campaign Type" parentSchemaName="campaign" parentDisplayName="Campaign" solution="msdynce_Marketing (9.0.4.37)" />
        <Dependent type="26" schemaName="Campaigns - (With Opportunities as Source Campaign)" displayName="Campaigns - (With Opportunities as Source Campaign)" parentSchemaName="campaign" parentDisplayName="Campaign" id="{1516a9e3-bddf-ed11-a7c7-000d3a338f87}" />
      </MissingDependency>
      <MissingDependency>
        <Required type="2" schemaName="actualclosedate" displayName="Actual Close Date" parentSchemaName="opportunity" parentDisplayName="Opportunity" solution="msdynce_Sales (9.0.4.0076)">
          <package>msdynce_SalesAnchor (9.0.23092.15004)</package>
        </Required>
        <Dependent type="26" schemaName="Opportunities for Sales Analytics" displayName="Opportunities for Sales Analytics" parentSchemaName="opportunity" parentDisplayName="Opportunity" id="{8bb7a68d-cddf-ed11-a7c7-000d3a338f87}" />
      </MissingDependency>
      <MissingDependency>
        <Required type="2" schemaName="actualclosedate" displayName="Actual Close Date" parentSchemaName="opportunity" parentDisplayName="Opportunity" solution="msdynce_Sales (9.0.4.0076)">
          <package>msdynce_SalesAnchor (9.0.23092.15004)</package>
        </Required>
        <Dependent type="60" displayName="Opportunities - Sales Analytics Data Entry" parentDisplayName="Opportunity" id="{7666f7ce-cddf-ed11-a7c7-000d3a338f87}" />
      </MissingDependency>
      <MissingDependency>
        <Required type="2" schemaName="actualvalue" displayName="Actual Revenue" parentSchemaName="opportunity" parentDisplayName="Opportunity" solution="msdynce_Sales (9.0.4.0076)">
          <package>msdynce_SalesAnchor (9.0.23092.15004)</package>
        </Required>
        <Dependent type="26" schemaName="Opportunities for Sales Analytics" displayName="Opportunities for Sales Analytics" parentSchemaName="opportunity" parentDisplayName="Opportunity" id="{8bb7a68d-cddf-ed11-a7c7-000d3a338f87}" />
      </MissingDependency>
      <MissingDependency>
        <Required type="2" schemaName="actualvalue" displayName="Actual Revenue" parentSchemaName="opportunity" parentDisplayName="Opportunity" solution="msdynce_Sales (9.0.4.0076)">
          <package>msdynce_SalesAnchor (9.0.23092.15004)</package>
        </Required>
        <Dependent type="60" displayName="Opportunities - Sales Analytics Data Entry" parentDisplayName="Opportunity" id="{7666f7ce-cddf-ed11-a7c7-000d3a338f87}" />
      </MissingDependency>
      <MissingDependency>
        <Required type="2" schemaName="campaignid" displayName="Source Campaign" parentSchemaName="opportunity" parentDisplayName="Opportunity" solution="msdynce_MarketingSales (9.0.4.29)" />
        <Dependent type="26" schemaName="Campaigns - (With Opportunities as Source Campaign)" displayName="Campaigns - (With Opportunities as Source Campaign)" parentSchemaName="campaign" parentDisplayName="Campaign" id="{1516a9e3-bddf-ed11-a7c7-000d3a338f87}" />
      </MissingDependency>
      <MissingDependency>
        <Required type="2" schemaName="campaignid" displayName="Source Campaign" parentSchemaName="opportunity" parentDisplayName="Opportunity" solution="msdynce_MarketingSales (9.0.4.29)" />
        <Dependent type="26" schemaName="Opportunities for Sales Analytics" displayName="Opportunities for Sales Analytics" parentSchemaName="opportunity" parentDisplayName="Opportunity" id="{8bb7a68d-cddf-ed11-a7c7-000d3a338f87}" />
      </MissingDependency>
      <MissingDependency>
        <Required type="2" schemaName="campaignid" displayName="Source Campaign" parentSchemaName="opportunity" parentDisplayName="Opportunity" solution="msdynce_MarketingSales (9.0.4.29)" />
        <Dependent type="60" displayName="Opportunities - Sales Analytics Data Entry" parentDisplayName="Opportunity" id="{7666f7ce-cddf-ed11-a7c7-000d3a338f87}" />
      </MissingDependency>
      <MissingDependency>
        <Required type="2" schemaName="closeprobability" displayName="Probability" parentSchemaName="opportunity" parentDisplayName="Opportunity" solution="msdynce_Sales (9.0.4.0076)">
          <package>msdynce_SalesAnchor (9.0.23092.15004)</package>
        </Required>
        <Dependent type="60" displayName="Opportunities - Sales Analytics Data Entry" parentDisplayName="Opportunity" id="{7666f7ce-cddf-ed11-a7c7-000d3a338f87}" />
      </MissingDependency>
      <MissingDependency>
        <Required type="2" schemaName="createdon" displayName="Created On" parentSchemaName="opportunity" parentDisplayName="Opportunity" solution="msdynce_Sales (9.0.4.0076)">
          <package>msdynce_SalesAnchor (9.0.23092.15004)</package>
        </Required>
        <Dependent type="26" schemaName="Opportunities for Sales Analytics" displayName="Opportunities for Sales Analytics" parentSchemaName="opportunity" parentDisplayName="Opportunity" id="{8bb7a68d-cddf-ed11-a7c7-000d3a338f87}" />
      </MissingDependency>
      <MissingDependency>
        <Required type="2" schemaName="createdon" displayName="Created On" parentSchemaName="opportunity" parentDisplayName="Opportunity" solution="msdynce_Sales (9.0.4.0076)">
          <package>msdynce_SalesAnchor (9.0.23092.15004)</package>
        </Required>
        <Dependent type="60" displayName="Opportunities - Sales Analytics Data Entry" parentDisplayName="Opportunity" id="{7666f7ce-cddf-ed11-a7c7-000d3a338f87}" />
      </MissingDependency>
      <MissingDependency>
        <Required type="2" schemaName="customerid" displayName="Potential Customer" parentSchemaName="opportunity" parentDisplayName="Opportunity" solution="msdynce_Sales (9.0.4.0076)">
          <package>msdynce_SalesAnchor (9.0.23092.15004)</package>
        </Required>
        <Dependent type="26" schemaName="Contacts - (With Opportunities as Potential Customer)" displayName="Contacts - (With Opportunities as Potential Customer)" parentSchemaName="contact" parentDisplayName="Contact" id="{4c16b74e-aedf-ed11-a7c7-000d3a338f87}" />
      </MissingDependency>
      <MissingDependency>
        <Required type="2" schemaName="customerid" displayName="Potential Customer" parentSchemaName="opportunity" parentDisplayName="Opportunity" solution="msdynce_Sales (9.0.4.0076)">
          <package>msdynce_SalesAnchor (9.0.23092.15004)</package>
        </Required>
        <Dependent type="26" schemaName="Territories - (With Opportunities in Accounts)" displayName="Territories - (With Opportunities in Accounts)" parentSchemaName="territory" parentDisplayName="Territory" id="{5168f833-0af4-ed11-8848-000d3a338f87}" />
      </MissingDependency>
      <MissingDependency>
        <Required type="2" schemaName="customerid" displayName="Potential Customer" parentSchemaName="opportunity" parentDisplayName="Opportunity" solution="msdynce_Sales (9.0.4.0076)">
          <package>msdynce_SalesAnchor (9.0.23092.15004)</package>
        </Required>
        <Dependent type="26" schemaName="Accounts - (With Opportunities as Potential Customer)" displayName="Accounts - (With Opportunities as Potential Customer)" parentSchemaName="account" parentDisplayName="Account" id="{59df3110-afdf-ed11-a7c7-000d3a338f87}" />
      </MissingDependency>
      <MissingDependency>
        <Required type="2" schemaName="customerid" displayName="Potential Customer" parentSchemaName="opportunity" parentDisplayName="Opportunity" solution="msdynce_Sales (9.0.4.0076)">
          <package>msdynce_SalesAnchor (9.0.23092.15004)</package>
        </Required>
        <Dependent type="26" schemaName="Opportunities for Sales Analytics" displayName="Opportunities for Sales Analytics" parentSchemaName="opportunity" parentDisplayName="Opportunity" id="{8bb7a68d-cddf-ed11-a7c7-000d3a338f87}" />
      </MissingDependency>
      <MissingDependency>
        <Required type="2" schemaName="customerid" displayName="Potential Customer" parentSchemaName="opportunity" parentDisplayName="Opportunity" solution="msdynce_Sales (9.0.4.0076)">
          <package>msdynce_SalesAnchor (9.0.23092.15004)</package>
        </Required>
        <Dependent type="60" displayName="Opportunities - Sales Analytics Data Entry" parentDisplayName="Opportunity" id="{7666f7ce-cddf-ed11-a7c7-000d3a338f87}" />
      </MissingDependency>
      <MissingDependency>
        <Required type="2" schemaName="customerneed" displayName="Customer Need" parentSchemaName="opportunity" parentDisplayName="Opportunity" solution="msdynce_Sales (9.0.4.0076)">
          <package>msdynce_SalesAnchor (9.0.23092.15004)</package>
        </Required>
        <Dependent type="26" schemaName="Opportunities for Sales Analytics" displayName="Opportunities for Sales Analytics" parentSchemaName="opportunity" parentDisplayName="Opportunity" id="{8bb7a68d-cddf-ed11-a7c7-000d3a338f87}" />
      </MissingDependency>
      <MissingDependency>
        <Required type="2" schemaName="decisionmaker" displayName="Decision Maker?" parentSchemaName="opportunity" parentDisplayName="Opportunity" solution="msdynce_Sales (9.0.4.0076)">
          <package>msdynce_SalesAnchor (9.0.23092.15004)</package>
        </Required>
        <Dependent type="60" displayName="Opportunities - Sales Analytics Data Entry" parentDisplayName="Opportunity" id="{7666f7ce-cddf-ed11-a7c7-000d3a338f87}" />
      </MissingDependency>
      <MissingDependency>
        <Required type="2" schemaName="discountamount" displayName="Opportunity Discount Amount" parentSchemaName="opportunity" parentDisplayName="Opportunity" solution="msdynce_Sales (9.0.4.0076)">
          <package>msdynce_SalesAnchor (9.0.23092.15004)</package>
        </Required>
        <Dependent type="60" displayName="Opportunities - Sales Analytics Data Entry" parentDisplayName="Opportunity" id="{7666f7ce-cddf-ed11-a7c7-000d3a338f87}" />
      </MissingDependency>
      <MissingDependency>
        <Required type="2" schemaName="discountpercentage" displayName="Opportunity Discount (%)" parentSchemaName="opportunity" parentDisplayName="Opportunity" solution="msdynce_Sales (9.0.4.0076)">
          <package>msdynce_SalesAnchor (9.0.23092.15004)</package>
        </Required>
        <Dependent type="60" displayName="Opportunities - Sales Analytics Data Entry" parentDisplayName="Opportunity" id="{7666f7ce-cddf-ed11-a7c7-000d3a338f87}" />
      </MissingDependency>
      <MissingDependency>
        <Required type="2" schemaName="estimatedclosedate" displayName="Est. close date" parentSchemaName="opportunity" parentDisplayName="Opportunity" solution="msdynce_Sales (9.0.4.0076)">
          <package>msdynce_SalesAnchor (9.0.23092.15004)</package>
        </Required>
        <Dependent type="26" schemaName="Opportunities for Sales Analytics" displayName="Opportunities for Sales Analytics" parentSchemaName="opportunity" parentDisplayName="Opportunity" id="{8bb7a68d-cddf-ed11-a7c7-000d3a338f87}" />
      </MissingDependency>
      <MissingDependency>
        <Required type="2" schemaName="estimatedclosedate" displayName="Est. close date" parentSchemaName="opportunity" parentDisplayName="Opportunity" solution="msdynce_Sales (9.0.4.0076)">
          <package>msdynce_SalesAnchor (9.0.23092.15004)</package>
        </Required>
        <Dependent type="60" displayName="Opportunities - Sales Analytics Data Entry" parentDisplayName="Opportunity" id="{7666f7ce-cddf-ed11-a7c7-000d3a338f87}" />
      </MissingDependency>
      <MissingDependency>
        <Required type="2" schemaName="estimatedvalue" displayName="Est. revenue" parentSchemaName="opportunity" parentDisplayName="Opportunity" solution="msdynce_Sales (9.0.4.0076)">
          <package>msdynce_SalesAnchor (9.0.23092.15004)</package>
        </Required>
        <Dependent type="26" schemaName="Opportunities for Sales Analytics" displayName="Opportunities for Sales Analytics" parentSchemaName="opportunity" parentDisplayName="Opportunity" id="{8bb7a68d-cddf-ed11-a7c7-000d3a338f87}" />
      </MissingDependency>
      <MissingDependency>
        <Required type="2" schemaName="estimatedvalue" displayName="Est. revenue" parentSchemaName="opportunity" parentDisplayName="Opportunity" solution="msdynce_Sales (9.0.4.0076)">
          <package>msdynce_SalesAnchor (9.0.23092.15004)</package>
        </Required>
        <Dependent type="60" displayName="Opportunities - Sales Analytics Data Entry" parentDisplayName="Opportunity" id="{7666f7ce-cddf-ed11-a7c7-000d3a338f87}" />
      </MissingDependency>
      <MissingDependency>
        <Required type="2" schemaName="freightamount" displayName="Freight Amount" parentSchemaName="opportunity" parentDisplayName="Opportunity" solution="msdynce_Sales (9.0.4.0076)">
          <package>msdynce_SalesAnchor (9.0.23092.15004)</package>
        </Required>
        <Dependent type="60" displayName="Opportunities - Sales Analytics Data Entry" parentDisplayName="Opportunity" id="{7666f7ce-cddf-ed11-a7c7-000d3a338f87}" />
      </MissingDependency>
      <MissingDependency>
        <Required type="2" schemaName="importsequencenumber" displayName="Import Sequence Number" parentSchemaName="opportunity" parentDisplayName="Opportunity" solution="msdynce_Sales (9.0.4.0076)">
          <package>msdynce_SalesAnchor (9.0.23092.15004)</package>
        </Required>
        <Dependent type="26" schemaName="Opportunities for Sales Analytics" displayName="Opportunities for Sales Analytics" parentSchemaName="opportunity" parentDisplayName="Opportunity" id="{8bb7a68d-cddf-ed11-a7c7-000d3a338f87}" />
      </MissingDependency>
      <MissingDependency>
        <Required type="2" schemaName="isrevenuesystemcalculated" displayName="Revenue" parentSchemaName="opportunity" parentDisplayName="Opportunity" solution="msdynce_Sales (9.0.4.0076)">
          <package>msdynce_SalesAnchor (9.0.23092.15004)</package>
        </Required>
        <Dependent type="60" displayName="Opportunities - Sales Analytics Data Entry" parentDisplayName="Opportunity" id="{7666f7ce-cddf-ed11-a7c7-000d3a338f87}" />
      </MissingDependency>
      <MissingDependency>
        <Required type="2" schemaName="name" displayName="Topic" parentSchemaName="opportunity" parentDisplayName="Opportunity" solution="msdynce_Sales (9.0.4.0076)">
          <package>msdynce_SalesAnchor (9.0.23092.15004)</package>
        </Required>
        <Dependent type="60" displayName="Opportunities - Sales Analytics Data Entry" parentDisplayName="Opportunity" id="{7666f7ce-cddf-ed11-a7c7-000d3a338f87}" />
      </MissingDependency>
      <MissingDependency>
        <Required type="2" schemaName="opportunityid" displayName="Opportunity" parentSchemaName="opportunity" parentDisplayName="Opportunity" solution="msdynce_Sales (9.0.4.0076)">
          <package>msdynce_SalesAnchor (9.0.23092.15004)</package>
        </Required>
        <Dependent type="26" schemaName="Opportunities for Sales Analytics" displayName="Opportunities for Sales Analytics" parentSchemaName="opportunity" parentDisplayName="Opportunity" id="{8bb7a68d-cddf-ed11-a7c7-000d3a338f87}" />
      </MissingDependency>
      <MissingDependency>
        <Required type="2" schemaName="opportunityratingcode" displayName="Rating" parentSchemaName="opportunity" parentDisplayName="Opportunity" solution="msdynce_Sales (9.0.4.0076)">
          <package>msdynce_SalesAnchor (9.0.23092.15004)</package>
        </Required>
        <Dependent type="60" displayName="Opportunities - Sales Analytics Data Entry" parentDisplayName="Opportunity" id="{7666f7ce-cddf-ed11-a7c7-000d3a338f87}" />
      </MissingDependency>
      <MissingDependency>
        <Required type="2" schemaName="originatingleadid" displayName="Originating Lead" parentSchemaName="opportunity" parentDisplayName="Opportunity" solution="msdynce_Sales (9.0.4.0076)">
          <package>msdynce_SalesAnchor (9.0.23092.15004)</package>
        </Required>
        <Dependent type="60" displayName="Opportunities - Sales Analytics Data Entry" parentDisplayName="Opportunity" id="{7666f7ce-cddf-ed11-a7c7-000d3a338f87}" />
      </MissingDependency>
      <MissingDependency>
        <Required type="2" schemaName="ownerid" displayName="Owner" parentSchemaName="opportunity" parentDisplayName="Opportunity" solution="msdynce_Sales (9.0.4.0076)">
          <package>msdynce_SalesAnchor (9.0.23092.15004)</package>
        </Required>
        <Dependent type="26" schemaName="Opportunities for Sales Analytics" displayName="Opportunities for Sales Analytics" parentSchemaName="opportunity" parentDisplayName="Opportunity" id="{8bb7a68d-cddf-ed11-a7c7-000d3a338f87}" />
      </MissingDependency>
      <MissingDependency>
        <Required type="2" schemaName="ownerid" displayName="Owner" parentSchemaName="opportunity" parentDisplayName="Opportunity" solution="msdynce_Sales (9.0.4.0076)">
          <package>msdynce_SalesAnchor (9.0.23092.15004)</package>
        </Required>
        <Dependent type="60" displayName="Opportunities - Sales Analytics Data Entry" parentDisplayName="Opportunity" id="{7666f7ce-cddf-ed11-a7c7-000d3a338f87}" />
      </MissingDependency>
      <MissingDependency>
        <Required type="2" schemaName="owninguser" displayName="Owning User" parentSchemaName="opportunity" parentDisplayName="Opportunity" solution="msdynce_Sales (9.0.4.0076)">
          <package>msdynce_SalesAnchor (9.0.23092.15004)</package>
        </Required>
        <Dependent type="26" schemaName="Sales Users - (With Opportunities as Owner)" displayName="Sales Users - (With Opportunities as Owner)" parentSchemaName="systemuser" parentDisplayName="User" id="{6783f5ca-addf-ed11-a7c7-000d3a338f87}" />
      </MissingDependency>
      <MissingDependency>
        <Required type="2" schemaName="pricelevelid" displayName="Price List" parentSchemaName="opportunity" parentDisplayName="Opportunity" solution="msdynce_Sales (9.0.4.0076)">
          <package>msdynce_SalesAnchor (9.0.23092.15004)</package>
        </Required>
        <Dependent type="60" displayName="Opportunities - Sales Analytics Data Entry" parentDisplayName="Opportunity" id="{7666f7ce-cddf-ed11-a7c7-000d3a338f87}" />
      </MissingDependency>
      <MissingDependency>
        <Required type="2" schemaName="proposedsolution" displayName="Proposed Solution" parentSchemaName="opportunity" parentDisplayName="Opportunity" solution="msdynce_Sales (9.0.4.0076)">
          <package>msdynce_SalesAnchor (9.0.23092.15004)</package>
        </Required>
        <Dependent type="26" schemaName="Opportunities for Sales Analytics" displayName="Opportunities for Sales Analytics" parentSchemaName="opportunity" parentDisplayName="Opportunity" id="{8bb7a68d-cddf-ed11-a7c7-000d3a338f87}" />
      </MissingDependency>
      <MissingDependency>
        <Required type="2" schemaName="statecode" displayName="Status" parentSchemaName="opportunity" parentDisplayName="Opportunity" solution="msdynce_Sales (9.0.4.0076)">
          <package>msdynce_SalesAnchor (9.0.23092.15004)</package>
        </Required>
        <Dependent type="26" schemaName="Opportunities for Sales Analytics" displayName="Opportunities for Sales Analytics" parentSchemaName="opportunity" parentDisplayName="Opportunity" id="{8bb7a68d-cddf-ed11-a7c7-000d3a338f87}" />
      </MissingDependency>
      <MissingDependency>
        <Required type="2" schemaName="statuscode" displayName="Status Reason" parentSchemaName="opportunity" parentDisplayName="Opportunity" solution="msdynce_Sales (9.0.4.0076)">
          <package>msdynce_SalesAnchor (9.0.23092.15004)</package>
        </Required>
        <Dependent type="60" displayName="Opportunities - Sales Analytics Data Entry" parentDisplayName="Opportunity" id="{7666f7ce-cddf-ed11-a7c7-000d3a338f87}" />
      </MissingDependency>
      <MissingDependency>
        <Required type="2" schemaName="stepname" displayName="Pipeline Phase" parentSchemaName="opportunity" parentDisplayName="Opportunity" solution="msdynce_Sales (9.0.4.0076)">
          <package>msdynce_SalesAnchor (9.0.23092.15004)</package>
        </Required>
        <Dependent type="26" schemaName="Opportunities for Sales Analytics" displayName="Opportunities for Sales Analytics" parentSchemaName="opportunity" parentDisplayName="Opportunity" id="{8bb7a68d-cddf-ed11-a7c7-000d3a338f87}" />
      </MissingDependency>
      <MissingDependency>
        <Required type="2" schemaName="stepname" displayName="Pipeline Phase" parentSchemaName="opportunity" parentDisplayName="Opportunity" solution="msdynce_Sales (9.0.4.0076)">
          <package>msdynce_SalesAnchor (9.0.23092.15004)</package>
        </Required>
        <Dependent type="60" displayName="Opportunities - Sales Analytics Data Entry" parentDisplayName="Opportunity" id="{7666f7ce-cddf-ed11-a7c7-000d3a338f87}" />
      </MissingDependency>
      <MissingDependency>
        <Required type="2" schemaName="totalamount" displayName="Total Amount" parentSchemaName="opportunity" parentDisplayName="Opportunity" solution="msdynce_Sales (9.0.4.0076)">
          <package>msdynce_SalesAnchor (9.0.23092.15004)</package>
        </Required>
        <Dependent type="60" displayName="Opportunities - Sales Analytics Data Entry" parentDisplayName="Opportunity" id="{7666f7ce-cddf-ed11-a7c7-000d3a338f87}" />
      </MissingDependency>
      <MissingDependency>
        <Required type="2" schemaName="totalamountlessfreight" displayName="Total Pre-Freight Amount" parentSchemaName="opportunity" parentDisplayName="Opportunity" solution="msdynce_Sales (9.0.4.0076)">
          <package>msdynce_SalesAnchor (9.0.23092.15004)</package>
        </Required>
        <Dependent type="60" displayName="Opportunities - Sales Analytics Data Entry" parentDisplayName="Opportunity" id="{7666f7ce-cddf-ed11-a7c7-000d3a338f87}" />
      </MissingDependency>
      <MissingDependency>
        <Required type="2" schemaName="totallineitemamount" displayName="Total Detail Amount" parentSchemaName="opportunity" parentDisplayName="Opportunity" solution="msdynce_Sales (9.0.4.0076)">
          <package>msdynce_SalesAnchor (9.0.23092.15004)</package>
        </Required>
        <Dependent type="60" displayName="Opportunities - Sales Analytics Data Entry" parentDisplayName="Opportunity" id="{7666f7ce-cddf-ed11-a7c7-000d3a338f87}" />
      </MissingDependency>
      <MissingDependency>
        <Required type="2" schemaName="totaltax" displayName="Total Tax" parentSchemaName="opportunity" parentDisplayName="Opportunity" solution="msdynce_Sales (9.0.4.0076)">
          <package>msdynce_SalesAnchor (9.0.23092.15004)</package>
        </Required>
        <Dependent type="60" displayName="Opportunities - Sales Analytics Data Entry" parentDisplayName="Opportunity" id="{7666f7ce-cddf-ed11-a7c7-000d3a338f87}" />
      </MissingDependency>
      <MissingDependency>
        <Required type="2" schemaName="transactioncurrencyid" displayName="Currency" parentSchemaName="opportunity" parentDisplayName="Opportunity" solution="msdynce_Sales (9.0.4.0076)">
          <package>msdynce_SalesAnchor (9.0.23092.15004)</package>
        </Required>
        <Dependent type="60" displayName="Opportunities - Sales Analytics Data Entry" parentDisplayName="Opportunity" id="{7666f7ce-cddf-ed11-a7c7-000d3a338f87}" />
      </MissingDependency>
      <MissingDependency>
        <Required type="2" schemaName="msdyn_botdescription" displayName="Description" parentSchemaName="systemuser" parentDisplayName="User" solution="OmnichannelBase (1.5.0.6054)" />
        <Dependent type="60" displayName="Sales User - Contoso Sales Analytics" parentDisplayName="User" id="{3d09e49f-5c31-ee11-bdf3-000d3a31b3df}" />
      </MissingDependency>
      <MissingDependency>
        <Required type="2" schemaName="msdyn_capacity" displayName="Capacity" parentSchemaName="systemuser" parentDisplayName="User" solution="OmnichannelBase (1.5.0.6054)" />
        <Dependent type="60" displayName="Sales User - Contoso Sales Analytics" parentDisplayName="User" id="{3d09e49f-5c31-ee11-bdf3-000d3a31b3df}" />
      </MissingDependency>
      <MissingDependency>
        <Required type="2" schemaName="siteid" displayName="Site" parentSchemaName="systemuser" parentDisplayName="User" solution="msdynce_Service (9.0.5.56)" />
        <Dependent type="60" displayName="Sales User - Contoso Sales Analytics" parentDisplayName="User" id="{3d09e49f-5c31-ee11-bdf3-000d3a31b3df}" />
      </MissingDependency>
      <MissingDependency>
        <Required type="2" schemaName="territoryid" displayName="Territory" parentSchemaName="systemuser" parentDisplayName="User" solution="msdynce_AppCommon (9.0.4.0066)" />
        <Dependent type="60" displayName="Sales User - Contoso Sales Analytics" parentDisplayName="User" id="{3d09e49f-5c31-ee11-bdf3-000d3a31b3df}" />
      </MissingDependency>
      <MissingDependency>
        <Required type="2" schemaName="managerid" displayName="Manager" parentSchemaName="territory" parentDisplayName="Territory" solution="msdynce_AppCommon (9.0.4.0066)" />
        <Dependent type="26" schemaName="Territories - (With Opportunities in Accounts)" displayName="Territories - (With Opportunities in Accounts)" parentSchemaName="territory" parentDisplayName="Territory" id="{5168f833-0af4-ed11-8848-000d3a338f87}" />
      </MissingDependency>
      <MissingDependency>
        <Required type="2" schemaName="name" displayName="Territory Name" parentSchemaName="territory" parentDisplayName="Territory" solution="msdynce_AppCommon (9.0.4.0066)" />
        <Dependent type="26" schemaName="Territories - (With Opportunities in Accounts)" displayName="Territories - (With Opportunities in Accounts)" parentSchemaName="territory" parentDisplayName="Territory" id="{5168f833-0af4-ed11-8848-000d3a338f87}" />
      </MissingDependency>
      <MissingDependency>
        <Required type="2" schemaName="parentterritoryid" displayName="Parent" parentSchemaName="territory" parentDisplayName="Territory" solution="msdynce_AppCommonPatch201904 (9.0.23062.10001)" />
        <Dependent type="26" schemaName="Territories - (With Opportunities in Accounts)" displayName="Territories - (With Opportunities in Accounts)" parentSchemaName="territory" parentDisplayName="Territory" id="{5168f833-0af4-ed11-8848-000d3a338f87}" />
      </MissingDependency>
      <MissingDependency>
        <Required type="2" schemaName="territoryid" displayName="Territory" parentSchemaName="territory" parentDisplayName="Territory" solution="msdynce_AppCommon (9.0.4.0066)" />
        <Dependent type="26" schemaName="Territories - (With Opportunities in Accounts)" displayName="Territories - (With Opportunities in Accounts)" parentSchemaName="territory" parentDisplayName="Territory" id="{5168f833-0af4-ed11-8848-000d3a338f87}" />
      </MissingDependency>
      <MissingDependency>
        <Required type="26" schemaName="My Open Opportunities" displayName="My Open Opportunities" parentSchemaName="opportunity" parentDisplayName="Opportunity" solution="msdynce_Sales (9.0.4.0076)" id="{00000000-0000-0000-00aa-000010003000}">
          <package>msdynce_SalesAnchor (9.0.23092.15004)</package>
        </Required>
        <Dependent type="60" displayName="Account - Contoso Sales Analytics" parentDisplayName="Account" id="{382017ba-5a31-ee11-bdf3-000d3a31b3df}" />
      </MissingDependency>
      <MissingDependency>
        <Required type="26" schemaName="My Open Opportunities" displayName="My Open Opportunities" parentSchemaName="opportunity" parentDisplayName="Opportunity" solution="msdynce_Sales (9.0.4.0076)" id="{00000000-0000-0000-00aa-000010003000}">
          <package>msdynce_SalesAnchor (9.0.23092.15004)</package>
        </Required>
        <Dependent type="80" schemaName="pbi_Dynamics365SalesAnalytics" displayName="Dynamics 365 Sales Analytics" />
      </MissingDependency>
      <MissingDependency>
        <Required type="26" schemaName="Opportunity Product Inline Edit View" displayName="Opportunity Product Inline Edit View" parentSchemaName="opportunityproduct" parentDisplayName="Opportunity Line" solution="msdynce_Sales (9.0.4.0076)" id="{01010de7-749e-4fe6-8037-aca560a4fcbe}">
          <package>msdynce_SalesAnchor (9.0.23092.15004)</package>
        </Required>
        <Dependent type="60" displayName="Opportunities - Sales Analytics Data Entry" parentDisplayName="Opportunity" id="{7666f7ce-cddf-ed11-a7c7-000d3a338f87}" />
      </MissingDependency>
      <MissingDependency>
        <Required type="26" schemaName="All Campaigns and Campaign Templates" displayName="All Campaigns and Campaign Templates" parentSchemaName="campaign" parentDisplayName="Campaign" solution="msdynce_Marketing (9.0.4.37)" id="{8ebce151-8451-490d-a8db-59fff97949e8}" />
        <Dependent type="80" schemaName="pbi_Dynamics365SalesAnalytics" displayName="Dynamics 365 Sales Analytics" />
      </MissingDependency>
      <MissingDependency>
        <Required type="26" schemaName="Recent Opportunities" displayName="Recent Opportunities" parentSchemaName="opportunity" parentDisplayName="Opportunity" solution="msdynce_Sales (9.0.4.0076)" id="{9c3f7ee8-eca7-e211-9fb6-00155dd0ea05}">
          <package>msdynce_SalesAnchor (9.0.23092.15004)</package>
        </Required>
        <Dependent type="60" displayName="Account - Contoso Sales Analytics" parentDisplayName="Account" id="{382017ba-5a31-ee11-bdf3-000d3a31b3df}" />
      </MissingDependency>
      <MissingDependency>
        <Required type="26" schemaName="All Opportunities" displayName="All Opportunities" parentSchemaName="opportunity" parentDisplayName="Opportunity" solution="msdynce_Sales (9.0.4.0076)" id="{c6f6fc1b-1b3e-e711-80e1-00155d871bb4}">
          <package>msdynce_SalesAnchor (9.0.23092.15004)</package>
        </Required>
        <Dependent type="80" schemaName="pbi_Dynamics365SalesAnalytics" displayName="Dynamics 365 Sales Analytics" />
      </MissingDependency>
      <MissingDependency>
        <Required type="59" schemaName="Top Customers" displayName="Top Customers" parentSchemaName="opportunity" parentDisplayName="Opportunity" solution="msdynce_Sales (9.0.4.0076)" id="{8bc5fb18-48f2-4782-9e16-3d452fa4ddce}">
          <package>msdynce_SalesAnchor (9.0.23092.15004)</package>
        </Required>
        <Dependent type="60" displayName="Account - Contoso Sales Analytics" parentDisplayName="Account" id="{382017ba-5a31-ee11-bdf3-000d3a31b3df}" />
      </MissingDependency>
      <MissingDependency>
        <Required type="60" displayName="account contact card" parentDisplayName="Contact" solution="msdynce_AppCommon (9.0.4.0066)" id="{29de27bc-a257-4f29-99cf-bab4a84e688f}" />
        <Dependent type="60" displayName="Account - Contoso Sales Analytics" parentDisplayName="Account" id="{382017ba-5a31-ee11-bdf3-000d3a31b3df}" />
      </MissingDependency>
      <MissingDependency>
        <Required type="60" displayName="Overview" solution="OmnichannelBase (1.5.0.6054)" id="{64740de3-ec79-e811-8162-000d3aa2725e}" />
        <Dependent type="80" schemaName="pbi_Dynamics365SalesAnalytics" displayName="Dynamics 365 Sales Analytics" />
      </MissingDependency>
      <MissingDependency>
        <Required type="61" schemaName="msdyn_/Account/AssetCommon.Account.Library.js" displayName="msdyn_/Account/AssetCommon.Account.Library.js" solution="msdyn_AssetCommon (1.0.37.1)" />
        <Dependent type="60" displayName="Account - Contoso Sales Analytics" parentDisplayName="Account" id="{382017ba-5a31-ee11-bdf3-000d3a31b3df}" />
      </MissingDependency>
      <MissingDependency>
        <Required type="61" schemaName="msdyn_/ActivityFeeds.Form.js" displayName="msdyn_/ActivityFeeds.Form.js" solution="ActivityFeedsCore (9.0.0.0009)" />
        <Dependent type="60" displayName="Opportunities - Sales Analytics Data Entry" parentDisplayName="Opportunity" id="{7666f7ce-cddf-ed11-a7c7-000d3a338f87}" />
      </MissingDependency>
      <MissingDependency>
        <Required type="61" schemaName="msdyn_capacityprofileSubgridActions.js" displayName="msdyn_capacityprofileSubgridActions.js" solution="OCBaseURBase (1.0.0.3967)" />
        <Dependent type="60" displayName="Sales User - Contoso Sales Analytics" parentDisplayName="User" id="{3d09e49f-5c31-ee11-bdf3-000d3a31b3df}" />
      </MissingDependency>
      <MissingDependency>
        <Required type="61" schemaName="msdyn_SalesOmniChannel/SalesPhoneNumber.Library.js" displayName="msdyn_SalesOmniChannel/SalesPhoneNumber.Library.js" solution="msdyn_SalesOmniChannel (9.1.23072.10015)">
          <package>msdyn_AcceleratedSalesAnchor (9.1.23072.10015)</package>
        </Required>
        <Dependent type="60" displayName="Account - Contoso Sales Analytics" parentDisplayName="Account" id="{382017ba-5a31-ee11-bdf3-000d3a31b3df}" />
      </MissingDependency>
      <MissingDependency>
        <Required type="61" schemaName="msdyn_userSettings.js" displayName="msdyn_userSettings.js" solution="OmnichannelBase (1.5.0.6054)" />
        <Dependent type="60" displayName="Sales User - Contoso Sales Analytics" parentDisplayName="User" id="{3d09e49f-5c31-ee11-bdf3-000d3a31b3df}" />
      </MissingDependency>
      <MissingDependency>
        <Required type="66" schemaName="MscrmControls.CardFeedContainer.CardFeedContainer" displayName="MscrmControls.CardFeedContainer.CardFeedContainer" solution="BaseCustomControlsCore (9.0.2306.4019)" />
        <Dependent type="60" displayName="Account - Contoso Sales Analytics" parentDisplayName="Account" id="{382017ba-5a31-ee11-bdf3-000d3a31b3df}" />
      </MissingDependency>
      <MissingDependency>
        <Required type="66" schemaName="MscrmControls.PowerBIPCFControl" displayName="MscrmControls.PowerBIPCFControl" solution="BaseCustomControlsCore (9.0.2306.4019)" />
        <Dependent type="60" displayName="Account - Contoso Sales Analytics" parentDisplayName="Account" id="{382017ba-5a31-ee11-bdf3-000d3a31b3df}" />
      </MissingDependency>
      <MissingDependency>
        <Required type="66" schemaName="MscrmControls.PowerBIPCFControl" displayName="MscrmControls.PowerBIPCFControl" solution="BaseCustomControlsCore (9.0.2306.4019)" />
        <Dependent type="60" displayName="Sales User - Contoso Sales Analytics" parentDisplayName="User" id="{3d09e49f-5c31-ee11-bdf3-000d3a31b3df}" />
      </MissingDependency>
      <MissingDependency>
        <Required type="SettingDefinition" displayName="FluentThemingPreview" solution="msdyn_PowerAppsThemingSettings (1.0.0.8)" id.uniquename="FluentThemingPreview" />
        <Dependent type="AppSetting" displayName="parentappmoduleid.uniquename=pbi_Dynamics365SalesAnalytics,settingdefinitionid.uniquename=FluentThemingPreview" id.parentappmoduleid.uniquename="pbi_Dynamics365SalesAnalytics" id.settingdefinitionid.uniquename="FluentThemingPreview" />
      </MissingDependency>
    </MissingDependencies>
  </SolutionManifest>
</ImportExportXml>