<powerbireport uniquename="pbi_2712141e2fe54c0f84e4c6ac9c5ba534">
  <datasetid>
    <uniquename>new_dataset_d252ad6f-0e41-42a5-9edf-2c504e03909d</uniquename>
  </datasetid>
  <etag>638246140439170000</etag>
  <importpowerbicomponentsequencenumber>638240984436445216</importpowerbicomponentsequencenumber>
  <iscustomizable>1</iscustomizable>
  <name>Dynamics 365 Sales Demo - Excel</name>
  <package mimetype="application/zip">package.pbipkg</package>
  <reportobjectid>d4fe5fd3-4f18-429a-bb2d-bb163f492bee</reportobjectid>
  <reportoriginalobjectid>0a0df37a-fbd5-45e7-adc9-40696f4454b1</reportoriginalobjectid>
  <statecode>0</statecode>
  <statuscode>1</statuscode>
  <workspaceobjectid>f67e44fd-64a7-4783-b2c5-3fc13322ffe9</workspaceobjectid>
</powerbireport>