<powerbidataset uniquename="new_dataset_0c863448-7803-42b3-86b0-ec12678051ec">
  <datasetobjectid>31b70477-e2ec-46f5-993e-821520dacaa2</datasetobjectid>
  <datasetoriginalobjectid>37b2d372-e354-4048-b6b5-13f5a6089163</datasetoriginalobjectid>
  <dataverseconnectionupdateenabled>0</dataverseconnectionupdateenabled>
  <importpowerbicomponentsequencenumber>638246195023758184</importpowerbicomponentsequencenumber>
  <iscustomizable>1</iscustomizable>
  <name>Dynamics 365 Sales Demo - Excel - Contoso</name>
  <package mimetype="application/zip">package.pbipkg</package>
  <statecode>0</statecode>
  <statuscode>1</statuscode>
  <workspaceobjectid>f67e44fd-64a7-4783-b2c5-3fc13322ffe9</workspaceobjectid>
</powerbidataset>