<powerbireport uniquename="pbi_afe20527b5254960aa810d6427a59952">
  <datasetid>
    <uniquename>new_dataset_0c863448-7803-42b3-86b0-ec12678051ec</uniquename>
  </datasetid>
  <etag>638246213908870000</etag>
  <importpowerbicomponentsequencenumber>638246195025320742</importpowerbicomponentsequencenumber>
  <iscustomizable>1</iscustomizable>
  <name>Dynamics 365 Sales Demo - Excel - Contoso</name>
  <package mimetype="application/zip">package.pbipkg</package>
  <reportobjectid>b88ebcfb-afff-4a90-9b2e-1f78979e0dd3</reportobjectid>
  <reportoriginalobjectid>0f3bd074-e143-46f9-a0d5-8edf9283b61d</reportoriginalobjectid>
  <statecode>0</statecode>
  <statuscode>1</statuscode>
  <workspaceobjectid>f67e44fd-64a7-4783-b2c5-3fc13322ffe9</workspaceobjectid>
</powerbireport>