<powerbidataset uniquename="new_dataset_a5adac1f-830f-4c77-ac99-b599ef8cc0ac">
  <datasetobjectid>764264bc-4aef-466d-a254-c66a70e850a7</datasetobjectid>
  <datasetoriginalobjectid>9ff2caf8-07cb-4503-84b6-611318b0ddda</datasetoriginalobjectid>
  <dataverseconnectionupdateenabled>0</dataverseconnectionupdateenabled>
  <iscustomizable>1</iscustomizable>
  <name>Dynamics 365 Sales TDS Demo - Coffee</name>
  <package mimetype="application/zip">package.pbipkg</package>
  <statecode>0</statecode>
  <statuscode>1</statuscode>
</powerbidataset>