<ImportExportXml xmlns:xsi="http://www.w3.org/2001/XMLSchema-instance">
  <Entities></Entities>
  <Roles></Roles>
  <Workflows></Workflows>
  <FieldSecurityProfiles></FieldSecurityProfiles>
  <Templates />
  <EntityMaps />
  <EntityRelationships />
  <OrganizationSettings />
  <optionsets />
  <Dashboards>
    <Dashboard>
      <LocalizedNames>
        <LocalizedName description="D365 Sales Analytics" languagecode="1033" />
      </LocalizedNames>
      <FormId>{717fdd1e-a021-ee11-9cbe-000d3a31b3df}</FormId>
      <IsCustomizable>1</IsCustomizable>
      <IsDefault>0</IsDefault>
      <FormXml>
        <forms type="powerbi">
          <form>
            <tabs>
              <tab showlabel="false" verticallayout="true" id="{f8b41cdc-510e-442a-99b6-3f2d319f2750}">
                <labels>
                  <label description="" languagecode="1033" />
                </labels>
                <columns>
                  <column width="100%">
                    <sections>
                      <section showlabel="false" showbar="false" columns="111" id="{063bdad1-d6a1-436c-9a22-b4a882dbf7e0}">
                        <labels>
                          <label description="" languagecode="1033" />
                        </labels>
                        <rows>
                          <row>
                            <cell colspan="3" rowspan="24" showlabel="false" id="{0d1169b4-c283-4d12-a837-43c71b0584dd}" availableforphone="false">
                              <labels>
                                <label description="" languagecode="1033" />
                              </labels>
                              <control id="63db0c4e-bbcd-4460-b93e-334322b021ec" classid="{F9A8A302-114E-466A-B582-6771B2AE0D92}" uniqueid="{ca6c0d0d-67fa-439f-880b-3fbd3b050e6b}"></control>
                            </cell>
                          </row>
                        </rows>
                      </section>
                    </sections>
                  </column>
                </columns>
              </tab>
            </tabs>
            <controlDescriptions>
              <controlDescription forControl="{ca6c0d0d-67fa-439f-880b-3fbd3b050e6b}">
                <customControl formFactor="0" name="MscrmControls.PowerBIPCFControl">
                  <parameters>
                    <PowerBIReport type="PowerBI.Report" static="true">pbi_2712141e2fe54c0f84e4c6ac9c5ba534</PowerBIReport>
                  </parameters>
                </customControl>
                <customControl formFactor="1" name="MscrmControls.PowerBIPCFControl">
                  <parameters>
                    <PowerBIReport type="PowerBI.Report" static="true">pbi_2712141e2fe54c0f84e4c6ac9c5ba534</PowerBIReport>
                  </parameters>
                </customControl>
                <customControl formFactor="2" name="MscrmControls.PowerBIPCFControl">
                  <parameters>
                    <PowerBIReport type="PowerBI.Report" static="true">pbi_2712141e2fe54c0f84e4c6ac9c5ba534</PowerBIReport>
                  </parameters>
                </customControl>
              </controlDescription>
            </controlDescriptions>
          </form>
        </forms>
      </FormXml>
      <IntroducedVersion>1.0.0.1</IntroducedVersion>
      <IsTabletEnabled>0</IsTabletEnabled>
    </Dashboard>
  </Dashboards>
  <CustomControls />
  <EntityDataProviders />
  <Languages>
    <Language>1033</Language>
  </Languages>
</ImportExportXml>