<powerbimashupparameter uniquename="new_mashupparameter_fc9ddb0f-923f-45d7-af75-9f62cf6ddf59">
  <environmentvariableid>
    <schemaname>pbi_PowerBISampleDataURL</schemaname>
  </environmentvariableid>
  <iscustomizable>1</iscustomizable>
  <isnotrequired>0</isnotrequired>
  <name>ExcelSampleDataURL</name>
  <parametername>ExcelSampleDataURL</parametername>
  <parametervaluesource>200000001</parametervaluesource>
  <statecode>0</statecode>
  <statuscode>1</statuscode>
</powerbimashupparameter>