<powerbireport uniquename="pbi_afe20527b5254960aa810d6427a59952">
  <datasetid>
    <uniquename>new_dataset_0c863448-7803-42b3-86b0-ec12678051ec</uniquename>
  </datasetid>
  <iscustomizable>1</iscustomizable>
  <name>Dynamics 365 Sales Demo - Excel - Contoso</name>
  <package mimetype="application/zip">package.pbipkg</package>
  <reportobjectid>023306dd-b42e-42c7-af69-221439cd6074</reportobjectid>
  <reportoriginalobjectid>0f3bd074-e143-46f9-a0d5-8edf9283b61d</reportoriginalobjectid>
  <statecode>0</statecode>
  <statuscode>1</statuscode>
</powerbireport>