<powerbimashupparameter uniquename="new_mashupparameter_fd2105d7-89bc-491f-948a-7da1499c39e7">
  <environmentvariableid>
    <schemaname>pbi_ContosoPowerBISampleDataURL</schemaname>
  </environmentvariableid>
  <iscustomizable>1</iscustomizable>
  <isnotrequired>0</isnotrequired>
  <name>ExcelSampleDataURL</name>
  <parametername>ExcelSampleDataURL</parametername>
  <parametervaluesource>200000001</parametervaluesource>
  <statecode>0</statecode>
  <statuscode>1</statuscode>
</powerbimashupparameter>