<powerbidataset uniquename="new_dataset_0c863448-7803-42b3-86b0-ec12678051ec">
  <datasetobjectid>ac0eb55b-cf66-488e-ba2d-a1cc77473c66</datasetobjectid>
  <datasetoriginalobjectid>37b2d372-e354-4048-b6b5-13f5a6089163</datasetoriginalobjectid>
  <dataverseconnectionupdateenabled>0</dataverseconnectionupdateenabled>
  <iscustomizable>1</iscustomizable>
  <name>Dynamics 365 Sales Demo - Excel - Contoso</name>
  <package mimetype="application/zip">package.pbipkg</package>
  <statecode>0</statecode>
  <statuscode>1</statuscode>
</powerbidataset>