<powerbidataset uniquename="new_dataset_d252ad6f-0e41-42a5-9edf-2c504e03909d">
  <datasetobjectid>8c5debb0-b3d6-4e0e-8f1a-0a21f20ce592</datasetobjectid>
  <datasetoriginalobjectid>fbdf4f68-b3fa-4eaa-be44-23ea77ceae6f</datasetoriginalobjectid>
  <dataverseconnectionupdateenabled>0</dataverseconnectionupdateenabled>
  <iscustomizable>1</iscustomizable>
  <name>Dynamics 365 Sales Demo - Excel</name>
  <package mimetype="application/zip">package.pbipkg</package>
  <statecode>0</statecode>
  <statuscode>1</statuscode>
</powerbidataset>