<powerbidataset uniquename="new_dataset_d252ad6f-0e41-42a5-9edf-2c504e03909d">
  <datasetobjectid>09bb5bb1-127b-472f-b9e3-b7c9b72fbe93</datasetobjectid>
  <datasetoriginalobjectid>fbdf4f68-b3fa-4eaa-be44-23ea77ceae6f</datasetoriginalobjectid>
  <dataverseconnectionupdateenabled>0</dataverseconnectionupdateenabled>
  <importpowerbicomponentsequencenumber>638240984433476369</importpowerbicomponentsequencenumber>
  <iscustomizable>1</iscustomizable>
  <name>Dynamics 365 Sales Demo - Excel</name>
  <package mimetype="application/zip">package.pbipkg</package>
  <statecode>0</statecode>
  <statuscode>1</statuscode>
  <workspaceobjectid>f67e44fd-64a7-4783-b2c5-3fc13322ffe9</workspaceobjectid>
</powerbidataset>