<powerbireport uniquename="pbi_2712141e2fe54c0f84e4c6ac9c5ba534">
  <datasetid>
    <uniquename>new_dataset_d252ad6f-0e41-42a5-9edf-2c504e03909d</uniquename>
  </datasetid>
  <etag>638248628811100000</etag>
  <importpowerbicomponentsequencenumber>638248616757733193</importpowerbicomponentsequencenumber>
  <iscustomizable>1</iscustomizable>
  <name>Dynamics 365 Sales Demo - Excel</name>
  <package mimetype="application/zip">package.pbipkg</package>
  <reportobjectid>0a5fa2c1-1565-45ed-8e2e-ffd4aa4f41ea</reportobjectid>
  <reportoriginalobjectid>0a0df37a-fbd5-45e7-adc9-40696f4454b1</reportoriginalobjectid>
  <statecode>0</statecode>
  <statuscode>1</statuscode>
  <workspaceobjectid>fee53ff0-ad9c-47e7-ae0c-31a42863cabc</workspaceobjectid>
</powerbireport>