<powerbireport uniquename="pbi_afe20527b5254960aa810d6427a59952">
  <datasetid>
    <uniquename>new_dataset_0c863448-7803-42b3-86b0-ec12678051ec</uniquename>
  </datasetid>
  <etag>638259168022430000</etag>
  <importpowerbicomponentsequencenumber>638313311307811091</importpowerbicomponentsequencenumber>
  <iscustomizable>1</iscustomizable>
  <name>Dynamics 365 Sales Demo - Excel - Contoso</name>
  <package mimetype="application/zip">package.pbipkg</package>
  <reportobjectid>5b65b3ea-75d2-4992-9eff-1b78aef97f43</reportobjectid>
  <reportoriginalobjectid>0f3bd074-e143-46f9-a0d5-8edf9283b61d</reportoriginalobjectid>
  <statecode>0</statecode>
  <statuscode>1</statuscode>
  <workspaceobjectid>5d758c03-ed39-4d00-a311-6c5e99c7a76f</workspaceobjectid>
</powerbireport>