<powerbireport uniquename="pbi_a20d9be83ec34789bfc4feaf7b87c036">
  <datasetid>
    <uniquename>new_dataset_a5adac1f-830f-4c77-ac99-b599ef8cc0ac</uniquename>
  </datasetid>
  <importpowerbicomponentsequencenumber>638272145897321127</importpowerbicomponentsequencenumber>
  <iscustomizable>1</iscustomizable>
  <name>Dynamics 365 Sales TDS Demo - Account Detail - Coffee</name>
  <package mimetype="application/zip">package.pbipkg</package>
  <reportobjectid>60b9ad70-8543-4a40-8d9f-9483dfb48ec5</reportobjectid>
  <reportoriginalobjectid>4c336aab-dcac-4862-b0be-67de1374695b</reportoriginalobjectid>
  <statecode>0</statecode>
  <statuscode>1</statuscode>
  <workspaceobjectid>c7ea95d8-22db-45db-a7fa-85b7df9916fe</workspaceobjectid>
</powerbireport>