<ImportExportXml xmlns:xsi="http://www.w3.org/2001/XMLSchema-instance">
  <Entities></Entities>
  <Roles></Roles>
  <Workflows></Workflows>
  <FieldSecurityProfiles></FieldSecurityProfiles>
  <Templates />
  <EntityMaps />
  <EntityRelationships />
  <OrganizationSettings />
  <optionsets />
  <Dashboards>
    <Dashboard>
      <LocalizedNames>
        <LocalizedName description="D365 Sales Analytics" languagecode="1033" />
      </LocalizedNames>
      <FormId>{5605e5d0-311f-ee11-9cbd-000d3a5a9357}</FormId>
      <IsCustomizable>1</IsCustomizable>
      <IsDefault>0</IsDefault>
      <FormXml>
        <forms type="powerbi">
          <form>
            <tabs>
              <tab showlabel="false" verticallayout="true" id="{bf6c1ed1-2af5-4072-9a41-6f42580fd98c}">
                <labels>
                  <label description="" languagecode="1033" />
                </labels>
                <columns>
                  <column width="100%">
                    <sections>
                      <section showlabel="false" showbar="false" columns="111" id="{793d64d8-0d0a-4439-94cb-af9e3494da2a}">
                        <labels>
                          <label description="" languagecode="1033" />
                        </labels>
                        <rows>
                          <row>
                            <cell colspan="3" rowspan="24" showlabel="false" id="{56e57328-ee40-4f75-af66-20f9e57f7fca}" availableforphone="false">
                              <labels>
                                <label description="" languagecode="1033" />
                              </labels>
                              <control id="88fcdd9e-660b-45a3-8e33-c1e4476da47d" classid="{F9A8A302-114E-466A-B582-6771B2AE0D92}" uniqueid="{9e2c98a0-3a21-406d-8418-e08b39d5dec9}"></control>
                            </cell>
                          </row>
                        </rows>
                      </section>
                    </sections>
                  </column>
                </columns>
              </tab>
            </tabs>
            <controlDescriptions>
              <controlDescription forControl="{9e2c98a0-3a21-406d-8418-e08b39d5dec9}">
                <customControl formFactor="0" name="MscrmControls.PowerBIPCFControl">
                  <parameters>
                    <PowerBIReport type="PowerBI.Report" static="true">pbi_2712141e2fe54c0f84e4c6ac9c5ba534</PowerBIReport>
                  </parameters>
                </customControl>
                <customControl formFactor="1" name="MscrmControls.PowerBIPCFControl">
                  <parameters>
                    <PowerBIReport type="PowerBI.Report" static="true">pbi_2712141e2fe54c0f84e4c6ac9c5ba534</PowerBIReport>
                  </parameters>
                </customControl>
                <customControl formFactor="2" name="MscrmControls.PowerBIPCFControl">
                  <parameters>
                    <PowerBIReport type="PowerBI.Report" static="true">pbi_2712141e2fe54c0f84e4c6ac9c5ba534</PowerBIReport>
                  </parameters>
                </customControl>
              </controlDescription>
            </controlDescriptions>
          </form>
        </forms>
      </FormXml>
      <IntroducedVersion>1.0.0.1</IntroducedVersion>
      <IsTabletEnabled>0</IsTabletEnabled>
    </Dashboard>
  </Dashboards>
  <CustomControls />
  <EntityDataProviders />
  <Languages>
    <Language>1033</Language>
  </Languages>
</ImportExportXml>